tour_id,r_word,s_word
6852,실망,-2
6852,최고,2
6852,맛,2
6852,명성,2
6852,환상,-2
6852,부족,-1
6852,고급,2
6852,대접,1
6852,가난,-2
6854,실망,-2
6854,맛,2
6854,인정,1
6854,친절,2
6854,최고,2
6854,친구,1
6854,행복,2
6859,정,1
6864,최고,2
6866,만족,2
6867,짐,-1
6867,친절,2
6867,중상,-2
6867,여유,1
6867,휴식,1
6867,만족,2
6867,최악,-2
6867,노,-2
6869,불안,-2
6869,낭비,-1
6869,인기,1
6869,부족,-1
6869,불편,-2
6869,맛,2
6869,실망,-2
6869,예의,1
6869,최고,2
6869,배탈,-2
6869,곱,2
6869,못,0
6869,아쉬움,-1
6869,악의,-2
6869,마약,-1
6869,최악,-2
6870,최고,2
6870,후회,-2
6870,희망,1
6871,최고,2
6871,최악,-2
6871,개선,2
6871,무서움,-2
6871,짐,-1
6871,아름다움,2
6871,어려움,-2
6871,최고,2
6871,식상,-1
6871,평온,2
6871,여유,1
6871,재미,2
6871,멋,2
6871,편안,2
6871,필수,1
6871,해,-2
6871,겁,-1
6871,후회,-2
6872,공포,-2
6872,최악,-2
6872,최고,2
6872,편안,2
6876,최고,2
6877,강추,2
6884,기대,1
6884,친절,2
6884,환상,-2
6884,최고,2
6885,최고,2
6887,감사,2
6888,그리움,1
6888,연민,-1
6888,정,1
6888,거짓,-2
6888,사랑,2
6890,해,-2
6890,만족,2
6890,부담,-2
6890,최고,2
6890,강추,2
6891,친절,2
6891,편안,2
6892,친절,2
6892,최고,2
6892,걱정,-2
6894,최고,2
6894,친절,2
6895,고급,2
6895,고집,-1
6895,친절,2
6895,감사,2
6895,강추,2
6895,오도,-2
6895,안심,1
6895,만족,2
6895,대접,1
6895,맛,2
6895,친구,1
6895,최악,-2
6895,최고,2
6895,조화,2
6895,기대,1
6895,인정,1
6895,ㅠ,-1
6895,실망,-2
6895,짜증,-2
6895,죄,-2
6895,품격,1
6895,편리,2
6895,행복,2
6899,ㅗ,-1
6899,실망,-2
6899,부자,1
6899,ㅠ,-1
6899,욕,-2
6899,덕,2
6900,최고,2
6900,피,0
6900,재미,2
6900,환상,-2
6900,먼지,-1
6900,ㅜ,-1
6900,비추,-2
6900,후회,-2
6900,덕,2
6900,인기,1
6900,ㅠ,-1
6900,강추,2
6900,친구,1
6900,ㅇ,1
6900,친절,2
6900,사랑,2
6900,희망,1
6900,아쉬움,-1
6900,행복,2
6900,진리,1
6900,지치,-1
6900,기대,1
6900,감사,2
6900,미소,2
6900,할인,1
6900,이벤트,1
6900,명예,2
6900,몸살,-1
6900,불편,-2
6900,멋,2
6900,짐,-1
6900,캐리,1
6901,최고,2
6901,안락,1
6901,잘못,-2
6901,실망,-2
6902,친절,2
6903,최고,2
6903,친절,2
6906,걱정,-2
6906,해,-2
6906,친절,2
6906,조화,2
6906,장점,2
6906,ㅠ,-1
6906,부담,-2
6906,최악,-2
6906,추위,-1
6906,기대,1
6906,최고,2
6906,감사,2
6908,기대,1
6908,실망,-2
6908,욕,-2
6908,사랑,2
6911,최고,2
6911,친절,2
6911,감사,2
6911,친구,1
6911,강추,2
6913,가치,1
6920,맛,2
6921,최고,2
6926,특별,1
6926,친절,2
6926,최고,2
6926,감사,2
6929,흥미,1
6929,강추,2
6932,짜증,-2
6932,맛,2
6932,최악,-2
6932,최고,2
6932,정,1
6932,욕,-2
6932,최악,-2
6932,악의,-2
6932,기대,1
6933,친절,2
6934,흥미,1
6934,강추,2
6935,친절,2
6935,맛,2
6935,못,0
6935,실망,-2
6935,기대,1
6935,ㅠ,-1
6935,먼지,-1
6935,욕,-2
6936,최고,2
6936,장점,2
6936,성,0
6936,할인,1
6936,정상,1
6936,기대,1
6936,후회,-2
6936,감사,2
6936,부족,-1
6938,진리,1
6938,최고,2
6938,재미,2
6938,최악,-2
6938,발전,1
6941,해,-2
6941,비방,-1
6941,맛,2
6941,최고,2
6941,짜증,-2
6941,최악,-2
6943,최고,2
6944,ㅠ,-1
6944,친절,2
6944,불편,-2
6944,친구,1
6944,편안,2
6944,부족,-1
6946,이벤트,1
6947,최고,2
6948,정상,1
6949,최고,2
6949,비극,-2
6950,최고,2
6956,최고,2
6956,인기,1
6956,부족,-1
6956,최악,-2
6959,최고,2
6962,친절,2
6962,최고,2
6962,최악,-2
6962,호,-1
6962,정,1
6971,최고,2
6971,친절,2
6973,감사,2
6973,ㅠ,-1
6978,친구,1
6979,짜증,-2
6979,친절,2
6979,감사,2
6979,ㅠ,-1
6979,안전,2
6982,해,-2
6983,친절,2
6983,친구,1
6983,기대,1
6983,맛,2
6983,정,1
6983,인정,1
6983,짐,-1
6983,최고,2
6983,실망,-2
6983,필수,1
6983,만족,2
6983,아쉬움,-1
6983,행복,2
6983,보람,1
6983,강추,2
6984,친절,2
6984,만족,2
6984,맛,2
6984,불만,-2
6984,최악,-2
6984,화,-2
6984,친구,1
6984,킹,2
6984,눈물,-1
6984,ㅜ,-1
6984,ㅠ,-1
6987,최고,2
6987,친절,2
6989,최고,2
6989,부족,-1
6989,흑흑,-1
6989,진리,1
6994,최고,2
6995,휴식,1
6995,최고,2
6997,최고,2
6999,악,-2
6999,악,-2
6999,친절,2
6999,후회,-2
7000,최고,2
7001,최고,2
7001,욕,-2
7001,가래,-1
7001,최악,-2
7001,낭만,1
7001,불편,-2
7001,정,1
7001,친구,1
7001,해,-2
7002,최고,2
7005,친절,2
7005,유명,1
7007,최고,2
7011,최고,2
7011,친절,2
7011,짜증,-2
7011,신경질,-1
7011,맛,2
7011,해,-2
7011,인정,1
7011,고급,2
7012,최고,2
7013,기대,1
7013,실망,-2
7013,최고,2
7013,강추,2
7013,맛,2
7013,만족,2
7013,ㅠ,-1
7013,친구,1
7015,친절,2
7016,최고,2
7017,짐,-1
7017,설사,-1
7017,기대,1
7017,못,0
7017,재주,1
7017,실망,-2
7017,최고,2
7017,최악,-2
7017,가치,1
7017,최악,-2
7017,아쉬움,-1
7017,맛,2
7017,후회,-2
7017,친절,2
7017,병,-2
7019,최고,2
7019,맛,2
7020,최고,2
7020,편안,2
7022,여유,1
7022,고급,2
7022,겁,-1
7022,장애인,-2
7022,강추,2
7022,친절,2
7022,최고,2
7022,최고급,2
7023,정상,1
7023,여유,1
7025,후회,-2
7026,불량,-2
7026,친절,2
7026,강추,2
7026,짐,-1
7026,친구,1
7026,못,0
7026,부족,-1
7026,최고,2
7026,맛,2
7028,실망,-2
7028,최고,2
7028,진리,1
7028,불편,-2
7028,친구,1
7035,최고,2
7036,최고,2
7036,짐,-1
7036,안정,1
7036,짜증,-2
7037,정상,1
7037,도움,1
7037,최고,2
7037,휴식,1
7038,최고,2
7038,강추,2
7039,최고,2
7040,짜증,-2
7040,친절,2
7040,최고,2
7043,친절,2
7043,짐,-1
7043,ㅇ,1
7043,편안,2
7043,만족,2
7043,최고,2
7043,감사,2
7043,소음,-1
7043,부담,-2
7044,감사,2
7045,친절,2
7045,최악,-2
7045,맛,2
7045,최고,2
7045,덕,2
7045,강추,2
7048,최악,-2
7048,운,1
7048,스트레스,-2
7048,성공,2
7048,개선,2
7048,한숨,-1
7048,조화,2
7048,미안,-1
7048,실망,-2
7048,보람,1
7048,성,0
7048,대접,1
7048,행복,2
7048,감동,2
7048,만족,2
7048,기대,1
7048,진리,1
7048,친구,1
7048,최고,2
7048,불만,-2
7048,인기,1
7048,맛,2
7048,강추,2
7048,잔소리,-1
7048,모양,0
7048,겁,-1
7048,친절,2
7048,필수,1
7048,마약,-1
7052,부족,-1
7052,만족,2
7052,최고,2
7052,친절,2
7052,감탄,2
7054,최고,2
7054,가짜,-2
7054,부족,-1
7058,최고,2
7058,편리,2
7061,최고,2
7064,최고,2
7064,필수,1
7064,인기,1
7064,불편,-2
7073,멋,2
7073,사랑,2
7075,맛,2
7075,최고,2
7077,고함,-1
7080,최고,2
7080,친절,2
7081,왕따,-2
7081,못,0
7081,일진,-1
7081,ㅠ,-1
7085,휴식,1
7086,최고,2
7089,강추,2
7089,품격,1
7089,최적화,1
7089,만족,2
7089,맛,2
7089,도리,1
7089,최고,2
7089,친구,1
7089,친절,2
7089,운,1
7089,환상,-2
7089,우수,2
7089,행복,2
7089,칭찬,2
7089,감사,2
7089,결함,-1
7089,재미,2
7090,최고,2
7091,최고,2
7091,위기,-1
7093,불량,-2
7093,캐리,1
7093,최고,2
7094,최악,-2
7094,울음소리,-2
7094,영웅,2
7094,헛소리,-1
7094,해,-2
7094,실망,-2
7094,가짜,-2
7097,편리,2
7097,부족,-1
7097,친절,2
7097,만족,2
7097,최고,2
7097,할인,1
7097,해,-2
7097,적극,1
7097,정상,1
7097,이벤트,1
7097,싸움,-1
7097,꿀,1
7097,ㅠ,-1
7097,가짜,-2
7097,성공,2
7104,최고,2
7104,부족,-1
7104,여유,1
7105,친절,2
7105,걱정,-2
7105,최고,2
7105,짜증,-2
7105,강추,2
7105,ㅠ,-1
7105,최악,-2
7105,기대,1
7105,부족,-1
7105,의심,-1
7105,맛,2
7105,진리,1
7105,해,-2
7105,인정,1
7107,최고,2
7107,여유,1
7112,최고,2
7117,탈,-1
7117,최고,2
7120,할인,1
7123,비추,-2
7124,최고,2
7124,맛,2
7124,화,-2
7124,강추,2
7126,어진,2
7126,최고,2
7126,해,-2
7126,존중,1
7126,불법,-2
7127,최고,2
7128,최악,-2
7128,친구,1
7128,식중독,-1
7128,맛,2
7128,강추,2
7128,욕,-2
7128,ㅠ,-1
7128,실망,-2
7128,최고,2
7128,유명,1
7128,죄,-2
7128,불만,-2
7128,친절,2
7129,맑은,2
7130,친절,2
7135,ㅠ,-1
7136,최고,2
7136,맛,2
7136,강추,2
7136,감사,2
7136,친절,2
7136,지지,-1
7136,실망,-2
7136,ㅉ,-1
7136,불편,-2
7136,진실,1
7136,인정,1
7136,최악,-2
7139,친구,1
7139,최고,2
7140,최고,2
7140,불편,-2
7140,행복,2
7140,애정,1
7140,친구,1
7140,맛,2
7140,휴식,1
7140,최적화,1
7141,최고,2
7141,보람,1
7141,편안,2
7141,해,-2
7142,안전,2
7142,친절,2
7142,최고,2
7142,최악,-2
7142,휴식,1
7142,부족,-1
7142,개선,2
7142,스트레스,-2
7142,기대,1
7142,욕,-2
7142,후회,-2
7142,필수,1
7142,ㅠ,-1
7142,수선,-1
7142,소음,-1
7142,불편,-2
7144,최고,2
7144,감사,2
7144,해,-2
7144,강추,2
7144,만족,2
7144,실망,-2
7147,후회,-2
7147,해,-2
7155,최고,2
7155,덕,2
7155,부자,1
7155,식상,-1
7155,물집,-1
7155,재미,2
7156,최고,2
7156,실망,-2
7157,최고,2
7157,감사,2
7157,친절,2
7157,맛,2
7157,발전,1
7157,조화,2
7157,부족,-1
7162,만족,2
7162,최악,-2
7162,걱정,-2
7163,최고,2
7163,편안,2
7164,개선,2
7164,최악,-2
7164,노,-2
7164,친절,2
7164,기대,1
7164,짜증,-2
7165,만족,2
7165,최악,-2
7165,불안,-2
7165,친절,2
7165,최고,2
7165,호,-1
7165,맛,2
7165,할인,1
7165,편안,2
7166,최고,2
7166,강추,2
7166,만족,2
7166,친절,2
7167,기대,1
7167,친절,2
7167,강추,2
7167,고급,2
7167,편안,2
7167,여유,1
7167,휴식,1
7167,감동,2
7167,최고,2
7168,친절,2
7170,친절,2
7170,강추,2
7171,최고,2
7171,최악,-2
7171,마이너스,-2
7171,여유,1
7171,친절,2
7171,친구,1
7171,이벤트,1
7171,엉터리,-2
7172,아쉬움,-1
7172,최고,2
7172,여유,1
7175,짜증,-2
7175,불편,-2
7177,최고,2
7177,ㅠ,-1
7192,친절,2
7194,친절,2
7194,최고,2
7194,도움,1
7194,인정,1
7194,맛,2
7194,부족,-1
7194,편안,2
7194,걱정,-2
7194,만족,2
7194,기대,1
7194,정,1
7194,화,-2
7197,친절,2
7198,미친개,-1
7202,최고,2
7202,친절,2
7202,강추,2
7202,최악,-2
7209,만족,2
7209,필수,1
7209,최고,2
7209,피로,-1
7209,꼴불견,-2
7209,기대,1
7209,감탄,2
7210,불편,-2
7210,개선,2
7210,한숨,-1
7210,맛,2
7210,최악,-2
7210,불안,-2
7213,최고,2
7213,ㅠ,-1
7213,아픔,-2
7216,최고,2
7217,최고,2
7217,만족,2
7217,행복,2
7217,아름다움,2
7217,장점,2
7217,강추,2
7219,최고,2
7220,친구,1
7220,설사,-1
7221,최고,2
7221,장점,2
7221,빛,1
7221,기대,1
7221,강추,2
7221,사랑,2
7221,여유,1
7221,친구,1
7221,필수,1
7221,휴식,1
7224,기대,1
7225,ㅠ,-1
7225,욕,-2
7225,부족,-1
7225,실망,-2
7225,최고,2
7225,맛,2
7225,강추,2
7226,욕,-2
7226,부자,1
7226,실망,-2
7226,최고,2
7226,대접,1
7226,최악,-2
7226,후회,-2
7226,깨달음,1
7226,못,0
7226,믿음,1
7226,기대,1
7226,피,0
7226,윤기,1
7226,맛,2
7226,필수,1
7226,행복,2
7226,만족,2
7226,친절,2
7226,감동,2
7226,성공,2
7226,인기,1
7226,칭찬,2
7226,격노,-2
7226,불만,-2
7226,화,-2
7226,불편,-2
7226,가치,1
7226,걱정,-2
7226,정,1
7226,강추,2
7226,친구,1
7226,불량,-2
7226,유명,1
7226,ㅜ,-1
7226,지경,-1
7226,ㅉ,-1
7226,불평,-2
7226,해,-2
7226,화가,-2
7226,짜증,-2
7226,배탈,-2
7226,윤기,1
7226,자신감,1
7226,황홀,2
7226,인정,1
7227,친절,2
7227,최고,2
7227,맛,2
7227,감사,2
7230,친절,2
7230,최고,2
7230,맛,2
7230,감사,2
7231,만족,2
7234,귀,2
7234,해,-2
7234,ㅠ,-1
7234,최고,2
7234,친절,2
7234,감사,2
7235,친절,2
7235,최고,2
7235,불편,-2
7235,아쉬움,-1
7235,필수,1
7235,감사,2
7235,맛,2
7238,최고,2
7238,편안,2
7238,휴식,1
7238,진리,1
7241,최고,2
7243,최고,2
7244,친절,2
7244,강추,2
7244,감사,2
7244,만족,2
7244,최고,2
7244,칭찬,2
7248,갈등,-1
7249,최고,2
7250,최고,2
7250,맑은,2
7250,피,0
7250,편안,2
7250,개선,2
7250,휴식,1
7250,감사,2
7253,최고,2
7255,운,1
7255,친절,2
7255,감동,2
7255,해,-2
7258,최고,2
7258,도리,1
7258,맛,2
7258,인정,1
7258,기대,1
7258,강추,2
7258,감사,2
7258,불편,-2
7260,최고,2
7261,최고,2
7265,정,1
7265,맛,2
7265,최고,2
7265,필수,1
7265,빛,1
7265,후회,-2
7265,기대,1
7265,칭찬,2
7265,친절,2
7265,ㅠ,-1
7265,해,-2
7265,인정,1
7265,개선,2
7265,평온,2
7265,여유,1
7265,불편,-2
7265,예의,1
7265,사랑,2
7265,감사,2
7265,만족,2
7265,피해,-1
7265,최악,-2
7265,보람,1
7265,짜증,-2
7265,ㅜ,-1
7265,가치,1
7265,조화,2
7265,고급,2
7266,실속,1
7266,친절,2
7267,친절,2
7267,실망,-2
7268,최고,2
7271,최고,2
7272,행복,2
7274,최고,2
7274,피,0
7274,한숨,-1
7274,기대,1
7274,부정,-1
7274,부정적,-2
7276,친절,2
7278,최고,2
7281,친절,2
7281,만족,2
7281,불편,-2
7282,덕,2
7282,흥미,1
7282,후회,-2
7282,최고,2
7284,최고,2
7284,사랑,2
7284,친절,2
7284,후회,-2
7286,최고,2
7286,친절,2
7286,짐,-1
7286,맛,2
7286,개선,2
7286,최악,-2
7286,ㅠ,-1
7286,보람,1
7287,재주,1
7289,친절,2
7289,겁,-1
7289,실망,-2
7289,최고,2
7289,대접,1
7289,감사,2
7289,강추,2
7289,맛,2
7289,행복,2
7289,운,1
7290,감사,2
7290,친절,2
7294,최고,2
7294,친구,1
7294,친절,2
7294,최악,-2
7294,곰팡이,-2
7295,최고,2
7295,친절,2
7298,맛,2
7298,후회,-2
7298,짜증,-2
7298,감사,2
7298,친절,2
7298,기대,1
7298,해,-2
7298,최고,2
7298,수선,-1
7299,장점,2
7300,최고,2
7301,최고,2
7301,친구,1
7301,장점,2
7301,오도,-2
7301,못,0
7301,상처,-2
7301,편안,2
7301,질겁,-1
7301,멋,2
7301,후회,-2
7301,재미,2
7304,최고,2
7305,맑은,2
7305,후회,-2
7309,친절,2
7309,최고,2
7309,가래,-1
7311,최고,2
7311,정,1
7311,해,-2
7311,여유,1
7311,기대,1
7311,재미,2
7311,걱정,-2
7312,친절,2
7314,부족,-1
7315,친절,2
7315,해,-2
7315,지경,-1
7315,만족,2
7315,인정,1
7315,최고,2
7315,기대,1
7316,최고,2
7322,최고,2
7323,친절,2
7323,죽음,-1
7323,최고,2
7324,개선,2
7324,정,1
7324,아쉬움,-1
7324,추운,-1
7327,최고,2
7336,모욕,-2
7336,ㅜ,-1
7337,기대,1
7337,사랑,2
7337,감사,2
7337,정,1
7338,최고,2
7338,행복,2
7338,빛,1
7339,정상,1
7340,최고,2
7341,여유,1
7343,휴식,1
7343,최고,2
7345,정상,1
7348,ㅠ,-1
7348,강추,2
7348,최고,2
7348,맛,2
7351,최고,2
7352,ㅇ,1
7355,최고,2
7356,최고,2
7356,친구,1
7365,최고,2
7366,맛,2
7366,친절,2
7367,친절,2
7372,친절,2
7372,만족,2
7375,최고,2
7375,친절,2
7375,감사,2
7375,정,1
7375,개선,2
7375,맛,2
7375,대접,1
7379,최고,2
7380,최고,2
7386,최고,2
7387,최고,2
7387,친절,2
7387,맛,2
7387,실망,-2
7387,인정,1
7387,감사,2
7387,만족,2
7387,운,1
7387,감동,2
7387,강추,2
7387,기대,1
7387,부담,-2
7387,친구,1
7387,적극,1
7388,최고,2
7390,보배,1
7391,친절,2
7391,최고,2
7396,최고,2
7396,맑은,2
7401,못,0
7401,최악,-2
7401,친절,2
7401,욕,-2
7401,부족,-1
7401,최고,2
7401,짐,-1
7405,어려움,-2
7406,ㅠ,-1
7406,만족,2
7406,편안,2
7406,친절,2
7406,ㅜ,-1
7406,부족,-1
7406,최고,2
7406,고급,2
7407,화,-2
7407,기대,1
7407,불만,-2
7407,최고,2
7407,만족,2
7407,친절,2
7407,해,-2
7407,여유,1
7408,맛,2
7409,짜증,-2
7409,짐,-1
7409,최고,2
7410,먼지,-1
7410,곰팡이,-2
7413,친절,2
7416,부족,-1
7416,최고,2
7416,강추,2
7416,휴식,1
7417,ㅜ,-1
7417,불편,-2
7417,친절,2
7417,맛,2
7417,걱정,-2
7417,최악,-2
7417,비추,-2
7417,인정,1
7417,최고,2
7417,여유,1
7419,ㅜ,-1
7419,불편,-2
7419,친절,2
7419,맛,2
7419,걱정,-2
7419,최악,-2
7419,비추,-2
7419,인정,1
7419,최고,2
7419,여유,1
7420,만족,2
7423,멋,2
7423,사랑,2
7423,눈물,-1
7423,기대,1
7423,발전,1
7425,초월,1
7425,맛,2
7426,휴식,1
7426,최상,1
7426,최고,2
7426,짜증,-2
7426,정,1
7426,기대,1
7426,만족,2
7426,후회,-2
7426,강추,2
7426,실망,-2
7426,맛,2
7426,은혜,2
7426,최악,-2
7426,친절,2
7429,최악,-2
7429,잘못,-2
7429,자해,-2
7429,친절,2
7429,맛,2
7429,후회,-2
7429,최고,2
7429,실망,-2
7429,기대,1
7429,곤욕,-1
7429,잔소리,-1
7429,불량,-2
7429,부자,1
7429,개선,2
7429,부족,-1
7429,열정,1
7429,감동,2
7429,보람,1
7429,실망감,-2
7430,친절,2
7430,최고,2
7430,ㅠ,-1
7430,도리,1
7432,최고,2
7433,못,0
7433,욕,-2
7433,걱정,-2
7433,맛,2
7438,최고,2
7441,최적화,1
7441,여유,1
7441,부담,-2
7441,할인,1
7441,최악,-2
7441,후회,-2
7441,마이너스,-2
7443,최고,2
7443,정상,1
7444,안전,2
7444,최고,2
7446,최고,2
7446,기대,1
7452,최고,2
7456,필수,1
7456,친구,1
7456,중상,-2
7456,최고,2
7456,실망,-2
7456,기대,1
7456,해,-2
7456,여유,1
7456,걱정,-2
7457,친절,2
7457,기대,1
7457,맛,2
7457,만족,2
7457,최고,2
7457,신뢰,1
7457,유명,1
7457,불편,-2
7457,장점,2
7457,가치,1
7457,곰팡내,-1
7457,멋,2
7457,우수,2
7457,짐,-1
7457,해,-2
7457,인기,1
7457,허,-2
7457,탈,-1
7457,부족,-1
7457,친구,1
7457,환상,-2
7457,성공,2
7457,최악,-2
7459,친절,2
7459,더러운,-2
7459,비만,-2
7459,불편,-2
7459,걱정,-2
7459,ㅠ,-1
7459,최고,2
7459,인기,1
7459,피,0
7459,만족,2
7459,정,1
7459,위기,-1
7459,불법,-2
7459,행복,2
7461,최고,2
7462,최고,2
7462,꿀,1
7462,캐리,1
7462,재미,2
7462,무리,-1
7462,ㅠ,-1
7462,필수,1
7462,물집,-1
7462,벌,-2
7462,독,-2
7462,지지,-1
7462,피부병,-2
7462,낭비,-1
7462,최악,-2
7463,고급,2
7463,덕,2
7463,피,0
7465,친절,2
7465,강추,2
7465,친구,1
7466,기대,1
7466,실망,-2
7466,불편,-2
7466,친절,2
7466,먼지,-1
7466,정,1
7466,소홀,-2
7466,최악,-2
7466,의심,-1
7466,끈기,1
7466,충격,-1
7466,감사,2
7466,재미,2
7466,할인,1
7466,친구,1
7466,적극,1
7468,친절,2
7468,감사,2
7468,최고,2
7469,맛,2
7469,할인,1
7469,최악,-2
7469,휴식,1
7469,즐거움,2
7469,필수,1
7469,최고,2
7472,고급,2
7472,최악,-2
7472,할인,1
7473,친절,2
7473,ㅜ,-1
7473,기대,1
7473,실망,-2
7473,강추,2
7473,만족,2
7473,최고,2
7475,최고,2
7475,친절,2
7476,유명,1
7476,친절,2
7477,짐,-1
7478,강추,2
7478,만족,2
7478,최고,2
7478,미안,-1
7481,최고,2
7487,최고,2
7487,안전,2
7487,비만,-2
7489,최고,2
7489,친구,1
7489,오염,-1
7489,아픔,-2
7492,짜증,-2
7492,허,-2
7492,강추,2
7495,친구,1
7496,최악,-2
7496,할인,1
7496,기대,1
7496,ㅠ,-1
7496,피로,-1
7496,미안,-1
7496,만족,2
7496,불편,-2
7496,악취,-1
7496,부족,-1
7496,지경,-1
7496,악,-2
7496,친절,2
7496,장점,2
7496,이벤트,1
7497,맛,2
7500,친절,2
7501,친절,2
7501,최고,2
7502,부족,-1
7502,짜증,-2
7503,친구,1
7503,친절,2
7504,최고,2
7509,최고,2
7517,친절,2
7517,ㅇ,1
7517,최악,-2
7517,기대,1
7520,최고,2
7524,친절,2
7524,정,1
7524,감사,2
7524,스트레스,-2
7524,휴식,1
7524,능력,1
7526,흥미,1
7532,최고,2
7533,성,0
7533,영웅,2
7533,감사,2
7534,사랑,2
7534,질병,-2
7536,친절,2
7536,맛,2
7536,추위,-1
7538,최고,2
7541,친절,2
7544,대가,1
7544,ㅜ,-1
7545,최고,2
7547,친절,2
7547,감사,2
7547,기대,1
7547,편안,2
7547,최고,2
7547,정상,1
7547,만족,2
7547,못,0
7547,화,-2
7547,최악,-2
7547,실수,-1
7549,친절,2
7549,부족,-1
7549,행복,2
7549,최고,2
7549,고급,2
7549,벗,1
7550,연애,1
7550,최고,2
7551,최고,2
7553,가치,1
7553,강추,2
7554,최고,2
7555,감사,2
7555,최고,2
7555,친구,1
7555,지옥,-2
7557,최고,2
7557,편리,2
7559,최고,2
7559,살인,-1
7559,범인,-2
7559,축복,2
7560,최고,2
7565,최고,2
7565,스트레스,-2
7565,발열,-1
7565,빛,1
7565,친절,2
7565,친구,1
7565,만족,2
7565,행복,2
7566,최고,2
7567,ㅠ,-1
7567,부족,-1
7567,실망,-2
7567,강추,2
7567,걱정,-2
7567,칭찬,2
7568,편안,2
7568,여유,1
7568,휴식,1
7568,행복,2
7568,친절,2
7568,최고,2
7568,불편,-2
7569,최악,-2
7569,먼지,-1
7569,친절,2
7569,꿀,1
7569,친구,1
7569,행복,2
7569,최고,2
7570,친절,2
7570,오류,-2
7571,피,0
7571,최고,2
7571,욕,-2
7571,개선,2
7571,해,-2
7571,만족,2
7572,벌,-2
7572,할인,1
7572,최고,2
7572,기대,1
7572,해,-2
7572,강추,2
7572,포기,-1
7572,화가,-2
7572,못,0
7573,최고,2
7573,최악,-2
7573,잘못,-2
7573,ㅠ,-1
7573,만족,2
7573,조화,2
7573,친절,2
7574,최고,2
7574,감탄,2
7574,정,1
7574,아쉬움,-1
7574,맛,2
7574,짐,-1
7574,강하,1
7574,기대,1
7574,친절,2
7574,오류,-2
7574,만족,2
7574,중독,-1
7574,조화,2
7574,병,-2
7574,취,1
7574,지혜,2
7575,최고,2
7575,감탄,2
7575,정,1
7575,아쉬움,-1
7575,맛,2
7575,짐,-1
7575,강하,1
7575,기대,1
7575,친절,2
7575,오류,-2
7575,만족,2
7575,중독,-1
7575,조화,2
7575,병,-2
7575,취,1
7575,지혜,2
7577,장점,2
7579,친절,2
7579,운,1
7580,최고,2
7580,기대,1
7582,부족,-1
7584,최악,-2
7584,최고급,2
7586,최고,2
7587,최고,2
7590,친구,1
7590,여유,1
7590,휴식,1
7591,최고,2
7593,최악,-2
7593,ㅠ,-1
7593,맛,2
7599,최고,2
7601,인정,1
7601,최고,2
7601,강추,2
7601,걱정,-2
7601,수선,-1
7601,해,-2
7601,맑은,2
7601,아픔,-2
7601,슬픔,-2
7601,조화,2
7601,죄,-2
7601,운,1
7601,정상,1
7601,편안,2
7601,부자,1
7601,추운,-1
7601,재미,2
7604,최고,2
7606,친절,2
7606,강추,2
7606,최고,2
7606,고급,2
7606,불편,-2
7606,휴식,1
7607,불편,-2
7609,완성,1
7609,발전,1
7609,공포증,-2
7609,최고,2
7610,장점,2
7610,최고,2
7610,친절,2
7610,빛,1
7610,불량,-2
7610,가치,1
7610,친구,1
7610,기대,1
7610,지지,-1
7610,수선,-1
7610,최악,-2
7610,정,1
7610,ㅠ,-1
7610,부담,-2
7610,허물,-1
7610,기쁨,2
7610,겁,-1
7610,행복,2
7610,사랑,2
7610,불편,-2
7610,맛,2
7610,멋,2
7610,싸움,-1
7610,폭행,-1
7610,만족,2
7610,강추,2
7612,최고,2
7612,한숨,-1
7612,빛,1
7612,강추,2
7612,편안,2
7612,소음,-1
7612,피해,-1
7612,허물,-1
7612,후회,-2
7612,이득,2
7612,감사,2
7612,호의,2
7612,맛,2
7613,흥미,1
7615,최고,2
7619,최고,2
7619,보람,1
7619,친절,2
7621,피,0
7621,부담,-2
7622,최고,2
7624,최고,2
7625,운,1
7627,최고,2
7628,곰팡이,-2
7628,최고,2
7628,친절,2
7628,후회,-2
7628,최악,-2
7628,불량,-2
7628,부족,-1
7628,기대,1
7628,감탄,2
7628,편안,2
7628,감사,2
7630,최고,2
7630,만족,2
7630,유명,1
7630,빛,1
7630,인기,1
7630,실망,-2
7630,짐,-1
7630,희망,1
7630,휴식,1
7630,아름다움,2
7630,운,1
7630,강추,2
7630,기대,1
7630,행복,2
7630,고작,-1
7630,잘못,-2
7630,병,-2
7630,부담,-2
7630,멋,2
7630,친절,2
7631,친절,2
7632,피,0
7632,기대,1
7632,안전,2
7632,친절,2
7632,ㅊ,1
7632,친구,1
7635,칭찬,2
7635,최고,2
7635,편안,2
7635,편리,2
7635,불편,-2
7635,친절,2
7635,만족,2
7635,최상,1
7635,이벤트,1
7640,감사,2
7640,친절,2
7640,최악,-2
7640,친구,1
7640,짜증,-2
7640,실수,-1
7640,욕,-2
7643,최고,2
7646,친절,2
7652,오염,-1
7652,먼지,-1
7652,만족,2
7652,친구,1
7652,친절,2
7652,감사,2
7653,피해,-1
7653,최악,-2
7654,친절,2
7654,혐오,-2
7654,포기,-1
7655,편안,2
7655,최고,2
7655,강추,2
7656,최고,2
7656,은혜,2
7658,친절,2
7660,할인,1
7660,불편,-2
7660,만족,2
7660,안전,2
7660,최고,2
7660,친절,2
7662,맛,2
7662,최고,2
7662,해,-2
7663,장점,2
7666,친절,2
7666,흥미,1
7666,피,0
7666,최고,2
7668,최고,2
7668,못난이,-2
7669,회개,1
7670,최고,2
7672,재미,2
7672,아쉬움,-1
7672,실망,-2
7673,최고,2
7674,최고,2
7674,멋,2
7674,기대,1
7674,실망,-2
7674,개선,2
7674,탈,-1
7674,짐,-1
7674,만족,2
7674,할인,1
7674,친절,2
7674,이벤트,1
7674,발전,1
7674,친구,1
7674,필수,1
7674,부족,-1
7674,여유,1
7674,후회,-2
7674,재미,2
7674,불쾌감,-2
7676,최고,2
7676,친절,2
7676,덕,2
7684,부담,-2
7684,최고,2
7684,맛,2
7684,해,-2
7684,친구,1
7684,친절,2
7684,감사,2
7692,최고,2
7694,만족,2
7694,최고,2
7694,고급,2
7694,아쉬움,-1
7694,편안,2
7694,대접,1
7694,친절,2
7695,불편,-2
7695,강추,2
7695,최고,2
7695,한숨,-1
7696,친절,2
7696,만족,2
7696,불편,-2
7696,걱정,-2
7696,우수,2
7696,최고,2
7696,최악,-2
7696,후회,-2
7696,못,0
7696,기대,1
7696,실망,-2
7696,인정,1
7696,병,-2
7696,친구,1
7696,대접,1
7696,정,1
7696,한계,-1
7696,무관심,-1
7696,의심,-1
7696,교훈,1
7696,구역질,-2
7696,충격,-1
7696,해,-2
7696,먼지,-1
7696,인기,1
7696,낭만,1
7696,칭찬,2
7696,부족,-1
7698,최고,2
7699,장점,2
7699,감탄,2
7699,휴식,1
7699,평온,2
7701,최고,2
7701,부족,-1
7701,실망,-2
7701,비추,-2
7701,사랑,2
7701,맑은,2
7701,멋,2
7701,짐,-1
7701,두통,-2
7701,지경,-1
7701,여유,1
7702,최고,2
7702,수익,1
7704,여유,1
7704,고급,2
7704,운,1
7704,낭만,1
7704,강추,2
7704,행복,2
7704,감사,2
7704,피로,-1
7704,도움,1
7704,친구,1
7704,유명,1
7704,걱정,-2
7705,최고,2
7705,만족,2
7705,소음,-1
7705,피로,-1
7705,운,1
7705,여유,1
7705,불편,-2
7707,고급,2
7707,병,-2
7707,친절,2
7707,장점,2
7707,못,0
7708,최악,-2
7708,운,1
7708,만족,2
7708,불편,-2
7708,소음,-1
7708,스트레스,-2
7708,싸움,-1
7708,시비,-2
7708,ㅠ,-1
7708,할인,1
7710,사랑,2
7710,운,1
7710,최악,-2
7710,ㅠ,-1
7710,안심,1
7710,애정,1
7710,감사,2
7717,감사,2
7717,잘못,-2
7718,최고,2
7720,해,-2
7720,함정,-1
7723,최고,2
7723,만족,2
7724,친절,2
7724,편리,2
7724,실망,-2
7724,안달,-1
7724,최고,2
7725,최고,2
7725,친절,2
7725,강추,2
7725,적극,1
7725,해,-2
7727,인기,1
7727,만족,2
7727,거부감,-2
7727,해,-2
7728,최고,2
7728,덕,2
7728,정상,1
7729,지옥,-2
7729,최고,2
7733,친절,2
7733,부족,-1
7733,강추,2
7735,최고,2
7735,욕,-2
7735,기대,1
7735,만족,2
7735,고급,2
7735,가치,1
7738,최고,2
7738,겁,-1
7738,불편,-2
7738,먼지,-1
7738,개선,2
7738,ㅠ,-1
7738,최악,-2
7738,억지,-1
7738,기대,1
7738,부담,-2
7738,못,0
7738,아쉬움,-1
7738,개성,1
7738,친구,1
7738,부족,-1
7738,못난이,-2
7738,화가,-2
7738,걱정,-2
7738,할인,1
7738,감탄,2
7738,필수,1
7738,멋,2
7738,짐,-1
7738,후회,-2
7738,강추,2
7739,친절,2
7740,할인,1
7743,친절,2
7743,불쾌감,-2
7743,만족,2
7743,최고,2
7743,발전,1
7743,안전,2
7743,포기,-1
7746,최고,2
7746,실속,1
7746,이득,2
7746,조화,2
7746,세일,1
7746,수선,-1
7746,걱정,-2
7746,불편,-2
7746,벌,-2
7751,최고,2
7753,최고,2
7753,친구,1
7753,불편,-2
7755,최고,2
7755,ㅠ,-1
7757,최고,2
7757,겁,-1
7757,친절,2
7757,불만족,-2
7757,맛,2
7757,비추,-2
7757,감동,2
7757,만족,2
7757,적극,1
7758,친절,2
7758,최고,2
7758,맛,2
7760,휴식,1
7760,독,-2
7762,친절,2
7763,불화,-2
7763,벗,1
7763,합리적,1
7763,최고,2
7763,여유,1
7763,한숨,-1
7763,강추,2
7764,맛,2
7764,실망,-2
7764,최고,2
7764,추운,-1
7764,후회,-2
7764,인정,1
7765,최고,2
7767,도움,1
7767,친절,2
7767,불편,-2
7767,이벤트,1
7768,믿음,1
7768,짐,-1
7769,최악,-2
7771,소음,-1
7771,성,0
7771,먼지,-1
7771,친절,2
7771,만족,2
7771,친구,1
7771,맛,2
7771,멋,2
7772,최악,-2
7773,친절,2
7773,걱정,-2
7774,최고,2
7777,부담,-2
7777,친절,2
7777,고급,2
7778,의심,-1
7778,오염,-1
7778,탈,-1
7781,욕,-2
7781,소음,-1
7781,먼지,-1
7781,최악,-2
7781,범죄,-2
7781,친절,2
7785,만족,2
7785,최악,-2
7785,불편,-2
7785,해,-2
7785,실속,1
7785,기대,1
7785,명성,2
7785,친구,1
7785,친절,2
7786,편안,2
7786,최고,2
7786,친절,2
7786,맛,2
7786,도리,1
7789,최고,2
7792,아픔,-2
7793,인정,1
7793,특이,1
7793,최고,2
7793,성공,2
7793,덕,2
7793,어려움,-2
7793,강추,2
7793,병,-2
7793,멋,2
7793,맛,2
7793,피,0
7793,친절,2
7793,기대,1
7794,최고,2
7794,편안,2
7794,할인,1
7794,편리,2
7794,조화,2
7794,부담,-2
7794,정상,1
7794,포기,-1
7794,화가,-2
7794,최악,-2
7794,여유,1
7794,흥미,1
7794,이벤트,1
7794,화,-2
7794,필수,1
7794,불편,-2
7794,정,1
7794,맛,2
7794,운,1
7794,흐린,-2
7794,친구,1
7794,행복,2
7796,맛,2
7796,대접,1
7796,정,1
7796,호,-1
7796,최고,2
7796,개선,2
7796,상위권,2
7796,강추,2
7796,기대,1
7796,실망,-2
7796,최악,-2
7796,덕,2
7797,최고,2
7797,친구,1
7803,화,-2
7808,최고,2
7810,최고,2
7810,욕,-2
7810,인기,1
7810,짐,-1
7810,친절,2
7814,최고,2
7817,부족,-1
7817,만족,2
7817,맛,2
7817,실망,-2
7817,품격,1
7817,친절,2
7817,감사,2
7817,최고,2
7822,최고,2
7822,부족,-1
7822,아쉬움,-1
7822,해,-2
7822,가치,1
7822,정,1
7822,ㅠ,-1
7822,강추,2
7829,명성,2
7830,최고,2
7830,실수,-1
7830,부족,-1
7830,불편,-2
7830,악의,-2
7830,친절,2
7832,친구,1
7832,인기,1
7832,긍지,2
7832,최고,2
7834,최고,2
7834,가래,-1
7834,ㅉ,-1
7834,맛,2
7834,ㅜ,-1
7834,기대,1
7834,행복,2
7834,후회,-2
7834,황소,-1
7834,고집,-1
7834,열정,1
7834,강추,2
7834,합리적,1
7834,부족,-1
7834,정,1
7834,친절,2
7834,어려움,-2
7834,장점,2
7836,최고,2
7839,최고,2
7839,강추,2
7839,기대,1
7839,최상급,2
7839,감사,2
7843,꿀,1
7843,축복,2
7847,피,0
7847,친구,1
7847,편리,2
7849,만족,2
7849,정,1
7849,맛,2
7849,최고,2
7849,최악,-2
7849,친절,2
7849,멋,2
7849,품격,1
7849,실망,-2
7849,운,1
7849,아쉬움,-1
7849,강추,2
7849,우수,2
7850,최고,2
7855,ㅠ,-1
7855,친절,2
7855,부족,-1
7855,상위,2
7856,최고,2
7856,안정,1
7856,ㅉ,-1
7856,짜증,-2
7856,만족,2
7856,기대,1
7857,겁,-1
7857,곰팡이,-2
7857,소음,-1
7857,여유,1
7857,친구,1
7857,최악,-2
7857,피,0
7857,부족,-1
7857,최고,2
7857,휴식,1
7859,최고,2
7861,최악,-2
7861,최고,2
7864,친절,2
7868,최고,2
7869,불편,-2
7869,친구,1
7870,걱정,-2
7870,강추,2
7870,장점,2
7870,친절,2
7870,친절,2
7870,소음,-1
7870,성,0
7871,만족,2
7871,최고,2
7878,짐,-1
7878,불편,-2
7878,친절,2
7878,최고,2
7895,최고,2
7896,하드,2
7896,캐리,1
7896,덕,2
7896,최악,-2
7896,짜증,-2
7896,맛,2
7896,최고,2
7896,행복,2
7896,친절,2
7896,기대,1
7896,존경,1
7896,영광,2
7897,최고,2
7897,감동,2
7897,ㅉ,-1
7897,휴식,1
7899,친절,2
7899,만족,2
7899,맑은,2
7899,감사,2
7900,조화,2
7900,맛,2
7900,최고,2
7900,감사,2
7900,따름,1
7905,최고,2
7906,ㅆ,1
7906,ㅆ,-1
7909,최고,2
7910,최고,2
7914,최고,2
7916,최고,2
7916,친절,2
7916,편안,2
7916,능력,1
7917,최고,2
7917,친구,1
7917,강추,2
7921,거부감,-2
7921,맛,2
7921,최고,2
7921,짐,-1
7921,해,-2
7921,유명,1
7921,운,1
7921,장점,2
7921,불편,-2
7921,인기,1
7921,만족,2
7921,최악,-2
7921,짜증,-2
7921,걱정,-2
7921,기대,1
7921,미인,2
7921,친절,2
7921,강추,2
7921,진리,1
7921,의심,-1
7921,창피,-2
7923,시비,-2
7923,최고,2
7925,사랑,2
7925,행복,2
7925,감사,2
7927,최고,2
7927,아쉬움,-1
7927,친절,2
7927,맛,2
7927,화,-2
7930,불편,-2
7930,친절,2
7930,후회,-2
7930,편안,2
7930,감동,2
7930,운,1
7930,감사,2
7930,감사,2
7930,정,1
7930,호의적,1
7930,도움,1
7930,오해,-1
7935,맛,2
7935,친절,2
7935,해,-2
7936,감사,2
7936,최고,2
7936,친절,2
7936,친구,1
7937,최고,2
7937,ㅇ,1
7937,못,0
7937,ㅠ,-1
7937,강추,2
7937,발전,1
7937,사랑,2
7938,최고,2
7938,운,1
7938,빛,1
7938,해,-2
7938,명성,2
7938,욕,-2
7938,ㅠ,-1
7938,소음,-1
7951,최고,2
7951,기대,1
7951,설사,-1
7951,친절,2
7951,부족,-1
7951,여유,1
7951,친구,1
7951,가치,1
7958,최고,2
7958,피,0
7958,친절,2
7958,잔소리,-1
7958,최악,-2
7958,바보,-2
7958,의심,-1
7960,유명,1
7960,낭비,-1
7960,최고,2
7960,개선,2
7960,명성,2
7960,기대,1
7960,맛,2
7960,재미,2
7960,ㅠ,-1
7960,정,1
7960,친구,1
7960,친절,2
7960,욕,-2
7960,강추,2
7960,짐,-1
7960,대상,1
7960,실망,-2
7960,ㅜ,-1
7960,해,-2
7960,감동,2
7960,불편,-2
7960,필수,1
7960,행복,2
7961,최고,2
7961,만족,2
7961,행복,2
7961,걱정,-2
7961,짐,-1
7961,강추,2
7961,아름다움,2
7961,여유,1
7961,편안,2
7962,친절,2
7962,신기,1
7967,친절,2
7967,피,0
7967,ㅠ,-1
7967,실망,-2
7967,보람,1
7969,친절,2
7969,걱정,-2
7969,실망,-2
7969,ㅠ,-1
7969,겁,-1
7969,창,-1
7970,겁,-1
7972,최고,2
7972,맛,2
7972,친절,2
7972,행복,2
7972,적극,1
7976,해,-2
7976,운,1
7976,친절,2
7979,정,1
7982,안목,1
7982,최고,2
7982,공갈,-1
7983,최고,2
7983,안목,1
7985,맛,2
7985,최고,2
7985,부족,-1
7986,최고,2
7986,안목,1
7986,맑은,2
7986,빛,1
7986,어려움,-2
7991,친절,2
7991,실망,-2
8000,만족,2
8000,부담,-2
8001,감사,2
8002,최고,2
8003,가치,1
8003,진리,1
8003,조화,2
8005,최고,2
8005,칭찬,2
8005,맛,2
8005,실망,-2
8005,보람,1
8006,적극,1
8008,기대,1
8008,부담,-2
8008,친절,2
8008,실망,-2
8008,친구,1
8010,친절,2
8010,감사,2
8012,안락,1
8012,여유,1
8012,친절,2
8012,미소,2
8012,감사,2
8013,친절,2
8014,짐,-1
8014,최고,2
8014,스트레스,-2
8017,친절,2
8026,최고,2
8026,친절,2
8026,만족,2
8026,감사,2
8026,편안,2
8026,친구,1
8026,피,0
8028,멋,2
8028,친절,2
8028,맛,2
8028,실망,-2
8028,강추,2
8028,최고,2
8028,감동,2
8039,최고,2
8042,최고,2
8044,기대,1
8044,최고,2
8045,최고,2
8045,개성,1
8045,맛,2
8045,병,-2
8045,병,-1
8046,친절,2
8046,맛,2
8046,영광,2
8046,실망,-2
8046,후회,-2
8046,해,-2
8046,몸살,-1
8046,최고,2
8046,적극,1
8046,악성,-2
8046,보람,1
8046,강추,2
8046,실수,-1
8046,만족,2
8049,친절,2
8049,감사,2
8049,해,-2
8049,실망,-2
8051,친절,2
8052,최고,2
8053,최고,2
8054,편안,2
8054,친절,2
8054,최고,2
8054,강추,2
8055,친절,2
8055,해,-2
8055,이득,2
8055,탈,-1
8055,실망,-2
8055,최고,2
8055,ㅠ,-1
8055,짜증,-2
8055,욕,-2
8055,악취,-1
8055,더러움,-2
8055,칭찬,2
8055,인정,1
8055,포기,-1
8055,최악,-2
8055,기대,1
8055,ㅆ,1
8055,ㅆ,-1
8056,최고,2
8056,만족,2
8056,기대,1
8056,부담,-2
8056,성,0
8056,안목,1
8056,감동,2
8056,불편,-2
8056,친절,2
8056,감사,2
8057,친구,1
8057,ㅜ,-1
8057,친절,2
8060,최고,2
8060,정상,1
8060,할인,1
8061,최고,2
8061,휴식,1
8061,정상,1
8066,욕,-2
8066,인정,1
8066,교양,1
8066,해,-2
8066,최고,2
8066,아쉬움,-1
8066,부족,-1
8066,강추,2
8071,최고,2
8072,ㅠ,-1
8072,최고,2
8072,강추,2
8072,비평,-1
8072,기대,1
8072,친절,2
8072,믿음,1
8072,맛,2
8072,실망,-2
8072,환상,-2
8072,만족,2
8072,질색,-2
8072,친구,1
8072,최악,-2
8072,짜증,-2
8072,인정,1
8072,후회,-2
8072,편안,2
8072,짐,-1
8072,편견,-2
8072,소름,-2
8072,더러움,-2
8072,대접,1
8072,화,-2
8073,최고,2
8075,최고,2
8075,정,1
8075,멋,2
8081,조화,2
8083,해,-2
8083,최고,2
8083,오도,-2
8084,최고,2
8084,기대,1
8095,맛,2
8095,최고,2
8096,환상,-2
8096,기대,1
8096,ㅜ,-1
8096,정,1
8096,최고,2
8096,강추,2
8098,비추,-2
8098,최악,-2
8100,친절,2
8100,강추,2
8103,부족,-1
8104,최고,2
8104,정상,1
8104,존경,1
8105,친절,2
8105,스트레스,-2
8106,흉악,-2
8107,흉악,-2
8108,휴식,1
8109,친절,2
8109,편안,2
8110,최고,2
8110,만족,2
8114,이기적,-2
8114,피,0
8115,친절,2
8115,최고,2
8115,평온,2
8115,강추,2
8115,편안,2
8115,감사,2
8124,맛,2
8124,최고,2
8124,아쉬움,-1
8124,만족,2
8124,친구,1
8124,강추,2
8128,인정,1
8128,후회,-2
8128,최고,2
8128,덕,2
8128,맛,2
8128,인기,1
8137,최고,2
8138,최고,2
8138,친절,2
8138,짐,-1
8141,ㅠ,-1
8149,최고,2
8152,맛,2
8152,강추,2
8153,강추,2
8153,짐,-1
8153,운,1
8154,인기,1
8154,운,1
8154,친절,2
8154,아쉬움,-1
8154,짐,-1
8154,만족,2
8156,맑은,2
8156,후회,-2
8156,피,0
8156,강추,2
8156,필수,1
8157,후회,-2
8157,강추,2
8157,잘못,-2
8157,만족,2
8157,불편,-2
8159,최고,2
8159,강추,2
8159,비만,-2
8160,최고,2
8160,우수,2
8160,강추,2
8160,멋,2
8160,짐,-1
8162,피,0
8162,불편,-2
8162,최고,2
8163,편리,2
8163,친절,2
8163,최고,2
8164,최고,2
8164,기대,1
8164,실망,-2
8164,낭비,-1
8165,아쉬움,-1
8168,최고,2
8170,최고,2
8170,기대,1
8179,ㅠ,-1
8179,할인,1
8179,신뢰,1
8179,최악,-2
8179,비추,-2
8179,불만,-2
8179,감사,2
8179,소음,-1
8180,최고,2
8180,맛,2
8189,최고,2
8189,못난이,-2
8191,현기증,-1
8191,편안,2
8191,개선,2
8191,공포증,-2
8194,친절,2
8194,최악,-2
8194,후회,-2
8194,감동,2
8194,감사,2
8194,친구,1
8194,최고,2
8194,해,-2
8194,만족,2
8194,기대,1
8194,편안,2
8194,미인,2
8194,부담,-2
8194,욕,-2
8194,정,1
8195,강추,2
8195,전염병,-1
8195,환자,-1
8195,짐,-1
8195,최고,2
8195,해,-2
8195,맛,2
8195,친절,2
8197,최고,2
8197,장점,2
8197,최악,-2
8197,부족,-1
8197,최상,1
8197,장애인,-2
8197,오염,-1
8197,재미,2
8197,불량,-2
8197,감탄,2
8201,황홀,2
8203,친절,2
8203,최고,2
8203,맛,2
8208,정,1
8209,지지,-1
8215,친절,2
8217,멋,2
8224,맛,2
8224,친구,1
8228,정,1
8228,친구,1
8228,실수,-1
8229,최고,2
8229,정,1
8229,여유,1
8229,낭만,1
8230,거짓말,-2
8230,도리,1
8230,최고,2
8230,맛,2
8230,소망,1
8230,유명,1
8230,기대,1
8230,죄,-2
8233,인기,1
8233,기대,1
8233,친절,2
8235,ㅜ,-1
8243,기대,1
8243,병,-2
8243,겁,-1
8243,의심,-1
8247,후회,-2
8247,최악,-2
8247,편안,2
8250,강추,2
8250,최고,2
8254,기대,1
8254,친절,2
8254,사랑,2
8254,최고,2
8254,운,1
8255,피,0
8256,친절,2
8256,정,1
8256,고급,2
8256,ㅜ,-1
8256,걱정,-2
8256,불편,-2
8256,편리,2
8256,친구,1
8256,강추,2
8258,최고,2
8258,행복,2
8258,피해,-1
8258,감사,2
8258,흐린,-2
8258,친구,1
8258,피로,-1
8258,ㅜ,-1
8258,아름다움,2
8258,가치,1
8258,해,-2
8258,여유,1
8258,깨달음,1
8258,화재,-2
8258,수익,1
8258,편안,2
8258,실망,-2
8259,최고,2
8260,최고,2
8261,ㅠ,-1
8261,최고,2
8261,아쉬움,-1
8261,감동,2
8261,해,-2
8264,ㅠ,-1
8264,최악,-2
8264,실망,-2
8264,최고,2
8264,강추,2
8265,최고,2
8265,감사,2
8268,최고,2
8268,오해,-1
8268,망신,-2
8268,행복,2
8268,친절,2
8274,친절,2
8274,안전,2
8274,해,-2
8274,감사,2
8277,최고,2
8279,최고,2
8279,후회,-2
8279,여유,1
8279,강추,2
8279,적극,1
8279,배탈,-2
8279,장애인,-2
8279,할인,1
8279,정,1
8279,피,0
8279,낭만,1
8279,감사,2
8279,호의,2
8279,앞잡이,-1
8279,친절,2
8279,겁,-1
8279,한계,-1
8279,멋,2
8279,친구,1
8279,감사,2
8279,지혜,2
8279,성공,2
8279,운,1
8279,낭만,1
8279,진실,1
8279,창피,-2
8279,만족,2
8279,실망,-2
8279,필수,1
8279,사랑,2
8279,예술적,1
8284,친절,2
8284,욕,-2
8284,맛,2
8284,최악,-2
8284,ㅜ,-1
8284,최고,2
8286,대상,1
8286,최고,2
8288,최악,-2
8288,한계,-1
8288,불편,-2
8288,개선,2
8288,맛,2
8288,해,-2
8288,최고,2
8288,짐,-1
8288,ㅜ,-1
8288,짜증,-2
8289,최고,2
8294,친절,2
8295,최악,-2
8295,겁,-1
8295,친절,2
8298,죽음,-1
8304,정상,1
8304,최고,2
8304,맑은,2
8311,최고,2
8311,후회,-2
8311,친절,2
8314,최고,2
8314,강추,2
8315,최고,2
8320,친절,2
8321,ㅠ,-1
8322,최고,2
8322,해,-2
8326,친절,2
8327,후회,-2
8327,친절,2
8327,강추,2
8327,최고,2
8335,감사,2
8338,부족,-1
8338,영광,2
8338,정,1
8338,최고,2
8338,강추,2
8338,친절,2
8338,만족,2
8338,맛,2
8338,안도,1
8338,실망,-2
8338,특이,1
8338,조화,2
8341,상처,-2
8341,최고,2
8341,해,-2
8341,맛,2
8341,병,-2
8341,친구,1
8341,친절,2
8341,후회,-2
8341,실망,-2
8341,인정,1
8341,천식,-1
8341,필수,1
8341,짐,-1
8341,강추,2
8341,감동,2
8341,부족,-1
8341,기대,1
8341,재미,2
8341,최악,-2
8341,화,-2
8341,화재,-2
8341,환상,-2
8341,미소,2
8341,유명,1
8341,걱정,-2
8341,불편,-2
8341,감탄,2
8341,낭비,-1
8341,맑은,2
8341,지지,-1
8341,욕,-2
8341,짜증,-2
8341,ㅉ,-1
8341,정,1
8343,친절,2
8343,맛,2
8343,최고,2
8343,필수,1
8343,만족,2
8343,호감,2
8343,귀,2
8343,후회,-2
8344,최고,2
8345,미안,-1
8345,능력,1
8346,필수,1
8346,맛,2
8346,최고,2
8346,적극,1
8346,어려움,-2
8346,기대,1
8347,최고,2
8352,짜증,-2
8352,불안,-2
8352,최고,2
8353,구역질,-2
8353,최고,2
8353,친절,2
8353,행복,2
8353,흐린,-2
8353,못,0
8353,귀요,2
8353,진리,1
8353,정,1
8353,감탄,2
8353,여유,1
8353,재미,2
8353,실망,-2
8353,명성,2
8354,친절,2
8355,기대,1
8355,친절,2
8355,정상,1
8355,최고,2
8355,행복,2
8355,해,-2
8355,장점,2
8355,비추,-2
8355,승리,2
8355,화,-2
8355,훼손,-1
8356,최고,2
8357,만족,2
8358,기대,1
8358,도움,1
8359,최고,2
8359,감사,2
8359,병,-2
8359,ㅠ,-1
8359,기대,1
8360,최고,2
8360,맛,2
8360,필수,1
8362,최고,2
8363,불편,-2
8363,친절,2
8363,기대,1
8363,최악,-2
8363,짐,-1
8363,실망,-2
8363,수선,-1
8363,최고,2
8363,맛,2
8363,만족,2
8363,강추,2
8363,욕심,-1
8363,안심,1
8363,ㅠ,-1
8363,후회,-2
8363,황홀,2
8363,인정,1
8363,짜증,-2
8363,진리,1
8363,최상,1
8363,배탈,-2
8363,설사,-1
8363,범인,-2
8363,개선,2
8364,ㅁ,-1
8364,짐,-1
8364,친절,2
8365,도리,1
8365,친절,2
8366,개성,1
8366,최악,-2
8366,최고,2
8366,최악,-2
8366,식중독,-1
8366,중독,-1
8366,걱정,-2
8366,부담,-2
8366,친절,2
8367,개성,1
8367,최악,-2
8367,최고,2
8367,최악,-2
8367,식중독,-1
8367,중독,-1
8367,걱정,-2
8367,부담,-2
8367,친절,2
8373,믿음,1
8373,최고,2
8373,편안,2
8382,최고,2
8386,친절,2
8386,모양,0
8386,ㅜ,-1
8386,의심,-1
8386,행복,2
8386,발전,1
8386,최고,2
8386,기대,1
8386,강추,2
8386,마약,-1
8386,친구,1
8386,불만,-2
8386,인기,1
8393,최고,2
8397,행복,2
8397,더러운,-2
8397,최고,2
8397,짐,-1
8397,기대,1
8397,부족,-1
8400,ㅜ,-1
8400,최고,2
8400,장점,2
8400,인정,1
8400,짜증,-2
8400,짐,-1
8401,맛,2
8401,최고,2
8401,감사,2
8401,친구,1
8402,친절,2
8402,ㅜ,-1
8406,친절,2
8407,휴식,1
8407,빛,1
8407,최고,2
8407,맑은,2
8407,적극,1
8409,최고,2
8409,해,-2
8409,피,0
8409,이벤트,1
8413,최고,2
8413,덕,2
8413,감탄,2
8413,필수,1
8414,휴식,1
8414,덕,2
8419,불편,-2
8422,최고,2
8422,후회,-2
8422,최악,-2
8422,욕,-2
8422,친절,2
8422,행복,2
8422,실망,-2
8422,기대,1
8422,겁,-1
8422,부담,-2
8422,개선,2
8422,맛,2
8424,짜증,-2
8424,최악,-2
8424,강추,2
8424,최고,2
8424,친절,2
8428,친절,2
8428,맛,2
8429,최고,2
8432,기대,1
8432,친절,2
8432,최고,2
8432,최악,-2
8432,스트레스,-2
8432,소음,-1
8432,불량,-2
8432,짜증,-2
8433,최고,2
8434,벌,-2
8434,친절,2
8434,만족,2
8436,기대,1
8436,친절,2
8436,최고,2
8436,최악,-2
8436,스트레스,-2
8436,소음,-1
8436,불량,-2
8436,짜증,-2
8437,걱정,-2
8437,최고,2
8442,최고,2
8443,친절,2
8446,최고,2
8451,ㅠ,-1
8451,최고,2
8451,피,0
8451,깨달음,1
8451,해,-2
8451,진리,1
8451,행방불명,-1
8451,자,1
8452,친절,2
8452,맛,2
8452,만족,2
8452,걱정,-2
8452,호감,2
8452,강추,2
8452,친구,1
8452,해,-2
8452,정,1
8452,최악,-2
8452,죄,-2
8452,후회,-2
8452,기대,1
8452,부담,-2
8452,최고,2
8452,부족,-1
8452,핀잔,-2
8452,개선,2
8452,감사,2
8452,화가,-2
8452,짜증,-2
8452,보람,1
8457,최고,2
8463,최고,2
8463,맛,2
8463,강추,2
8464,최고,2
8465,망상,-2
8466,해,-2
8469,최고,2
8470,기대,1
8470,욕,-2
8470,짜증,-2
8470,맛,2
8470,모양,0
8470,바보,-2
8470,행복,2
8470,해,-2
8470,실망,-2
8470,최고,2
8470,믿음,1
8470,명성,2
8470,재미,2
8470,비추,-2
8470,오도,-2
8470,독,-2
8473,최고,2
8478,만족,2
8478,최고,2
8479,정,1
8481,중상,-2
8481,짐,-1
8481,맛,2
8481,최고,2
8481,인정,1
8481,진리,1
8481,ㅠ,-1
8481,기대,1
8481,실망,-2
8481,할인,1
8481,피,0
8481,겁,-1
8481,칭찬,2
8481,보람,1
8481,아픔,-2
8481,최악,-2
8481,만족,2
8481,바보,-2
8481,짜증,-2
8481,친절,2
8481,아쉬움,-1
8481,충격,-1
8481,추운,-1
8481,가치,1
8481,실수,-1
8481,불편,-2
8481,걱정,-2
8481,부족,-1
8481,자괴감,-2
8481,ㅉ,-1
8481,정,1
8481,독보적,1
8481,한숨,-1
8481,화가,-2
8481,성공,2
8481,감동,2
8481,ㅆ,1
8481,욕,-2
8481,친구,1
8481,해,-2
8481,필수,1
8481,지경,-1
8481,허물,-1
8481,조화,2
8481,ㅜ,-1
8481,괄시,-2
8481,환상,-2
8481,사랑,2
8481,함정,-1
8481,인기,1
8481,유명,1
8481,마이너스,-2
8481,피로,-1
8481,운,1
8481,그놈,-1
8481,강추,2
8481,후회,-2
8481,불안,-2
8481,대접,1
8481,예의,1
8481,빛,1
8481,화풀이,-1
8481,ㅅ,-1
8481,친절,2
8482,최고,2
8484,해,-2
8484,최고,2
8484,오,-1
8484,맛,2
8484,사랑,2
8484,기대,1
8484,기대,1
8484,못,0
8484,가치,1
8484,대상,1
8484,안전,2
8484,친구,1
8484,안심,1
8484,우수,2
8486,최고,2
8487,최고,2
8488,최고,2
8492,정,1
8496,정,1
8496,기대,1
8496,최고,2
8496,강추,2
8496,적극,1
8498,강추,2
8498,할인,1
8498,최고,2
8498,해,-2
8498,기대,1
8498,재미,2
8498,친구,1
8499,개선,2
8500,정상,1
8500,편리,2
8500,인기,1
8501,겁,-1
8502,불편,-2
8502,짐,-1
8502,불량,-2
8502,벌,-2
8502,친구,1
8503,친절,2
8503,만족,2
8503,감사,2
8503,최고,2
8509,최고,2
8509,부족,-1
8509,낭패,-2
8509,기대,1
8509,부자,1
8510,최고,2
8511,ㅠ,-1
8511,정,1
8512,최고,2
8512,은혜,2
8512,사랑,2
8519,친절,2
8519,인정,1
8519,맛,2
8519,대접,1
8519,성공,2
8522,불편,-2
8522,기대,1
8522,친절,2
8522,최고,2
8522,최악,-2
8522,최악,-2
8522,소음,-1
8522,못,0
8523,피,0
8529,긍정적,1
8532,최고,2
8532,친절,2
8532,개선,2
8532,만족,2
8532,불만,-2
8532,정,1
8532,감사,2
8535,소음,-1
8536,최고,2
8539,최고,2
8541,친절,2
8542,최고,2
8543,맛,2
8543,최고,2
8543,대접,1
8543,친절,2
8546,친구,1
8546,최고,2
8546,친절,2
8546,감사,2
8546,편안,2
8546,강추,2
8552,할인,1
8552,친구,1
8554,최고,2
8554,모양,0
8556,최고,2
8570,최고,2
8570,아쉬움,-1
8570,망상,-2
8570,부자,1
8570,함정,-1
8570,불편,-2
8570,ㅜ,-1
8570,친구,1
8572,최고,2
8576,최고,2
8580,최고,2
8580,해,-2
8580,감동,2
8580,재미,2
8580,벗,1
8580,덕,2
8580,따름,1
8587,정,1
8587,후회,-2
8587,최고,2
8587,최악,-2
8587,고급,2
8587,병이,-2
8587,인정,1
8587,적극,1
8587,운,1
8587,강추,2
8587,맛,2
8587,친절,2
8587,재미,2
8587,여유,1
8587,도움,1
8587,해,-2
8587,친구,1
8587,만족,2
8587,감사,2
8589,걱정,-2
8589,만족,2
8589,최고,2
8589,기대,1
8589,운,1
8589,성,0
8589,실망,-2
8589,최악,-2
8589,편리,2
8589,친절,2
8589,지경,-1
8589,곰팡이,-2
8589,소음,-1
8589,할인,1
8589,덕,2
8591,만족,2
8591,정,1
8591,휴식,1
8591,친구,1
8591,강추,2
8591,이벤트,1
8593,친절,2
8594,친절,2
8595,맛,2
8595,최고,2
8595,포기,-1
8595,부담,-2
8595,친구,1
8595,운,1
8595,행복,2
8595,피,0
8595,실망,-2
8595,개성,1
8596,최고,2
8597,축하,2
8598,끈기,1
8598,최고,2
8598,기대,1
8598,실망,-2
8598,친절,2
8598,후회,-2
8598,ㅠ,-1
8598,감사,2
8599,친절,2
8599,기대,1
8599,최고,2
8600,친절,2
8600,최고,2
8600,감사,2
8600,재미,2
8601,친절,2
8601,걱정,-2
8601,화,-2
8601,감사,2
8601,최고,2
8601,ㅠ,-1
8604,아름다움,2
8604,최고,2
8604,정,1
8604,편안,2
8608,최고,2
8609,최고,2
8610,친절,2
8611,실망,-2
8611,만족,2
8612,친구,1
8613,최고,2
8613,정,1
8613,실망,-2
8613,해,-2
8613,발전,1
8615,친절,2
8622,화,-2
8622,기대,1
8625,최고,2
8629,최고,2
8629,친절,2
8629,불편,-2
8629,만족,2
8629,수선,-1
8629,감탄,2
8629,할인,1
8629,피,0
8629,ㅠ,-1
8629,조화,2
8629,여유,1
8629,잘못,-2
8629,인정,1
8629,기대,1
8629,거짓말,-2
8629,친구,1
8629,맛있,2
8629,감사,2
8629,더러움,-2
8629,겁,-1
8630,신뢰,1
8630,최고,2
8630,친절,2
8631,최고,2
8632,최고,2
8633,최고,2
8633,후회,-2
8634,스포,-1
8634,최고,2
8634,친절,2
8634,화가,-2
8634,감사,2
8634,겁,-1
8641,친절,2
8641,기대,1
8641,강추,2
8641,최고,2
8641,맛,2
8643,욕,-2
8643,아쉬움,-1
8643,강추,2
8643,최고,2
8643,친절,2
8643,만족,2
8644,욕,-2
8644,아쉬움,-1
8644,강추,2
8644,최고,2
8644,친절,2
8644,만족,2
8645,행복,2
8645,친절,2
8646,흥미,1
8646,친절,2
8646,적극,1
8646,감기,-1
8646,최악,-2
8646,최고,2
8647,최고,2
8647,사랑,2
8647,친절,2
8647,감동,2
8647,감사,2
8647,걱정,-2
8647,도움,1
8650,성공,2
8650,친절,2
8650,최고,2
8650,강추,2
8651,사랑,2
8651,행복,2
8651,실망,-2
8651,겁,-1
8652,해,-2
8652,불법,-2
8653,부족,-1
8653,모양,0
8653,빛,1
8653,최고,2
8653,안도,1
8653,짜증,-2
8653,행복,2
8653,아쉬움,-1
8653,실망,-2
8653,덕,2
8653,고급,2
8653,가치,1
8653,완성,1
8653,오,-1
8653,만족,2
8653,여유,1
8655,맛,2
8658,화재,-2
8658,기대,1
8658,최고,2
8660,감사,2
8665,실망,-2
8665,편안,2
8665,기대,1
8665,최악,-2
8665,악,-2
8665,성,0
8666,불편,-2
8670,최고,2
8672,맛,2
8672,최악,-2
8672,최고,2
8672,의심,-1
8675,최고,2
8676,최고,2
8679,친절,2
8679,편안,2
8679,편리,2
8680,여유,1
8680,어려움,-2
8680,강추,2
8680,아쉬움,-1
8680,후회,-2
8680,멋,2
8680,짐,-1
8680,편안,2
8683,최고,2
8688,ㅠ,-1
8688,기대,1
8688,덕,2
8688,최고,2
8688,만족,2
8688,명성,2
8688,성,0
8688,맛,2
8688,후회,-2
8691,최고,2
8700,최고,2
8700,강추,2
8700,장애,-2
8701,최고,2
8701,덕,2
8701,휴식,1
8702,악성,-2
8702,낭만,1
8702,사랑,2
8703,악성,-2
8703,낭만,1
8703,사랑,2
8704,친구,1
8704,최고,2
8704,짐,-1
8704,아쉬움,-1
8704,친절,2
8704,맛,2
8704,후회,-2
8704,세일,1
8704,만족,2
8704,기대,1
8708,최고,2
8709,최고,2
8709,친구,1
8709,기대,1
8710,최고,2
8710,아름다움,2
8712,여유,1
8712,최고,2
8712,감동,2
8712,짐,-1
8712,희망,1
8712,사랑,2
8712,기대,1
8714,강추,2
8714,맛,2
8714,친절,2
8714,부족,-1
8714,최고,2
8714,만족,2
8714,호감,2
8714,운,1
8715,맛,2
8715,친절,2
8715,최고,2
8715,강추,2
8715,윤기,1
8715,한탄,-2
8716,최고,2
8716,휴식,1
8718,범죄자,-1
8719,최고,2
8720,조화,2
8720,최고,2
8720,강추,2
8720,친절,2
8720,실망,-2
8720,걱정,-2
8720,ㅜ,-1
8720,적극,1
8720,포기,-1
8721,최고,2
8721,강추,2
8721,덕,2
8721,만족,2
8727,불법,-2
8727,최고,2
8731,후회,-2
8731,최고,2
8732,최고,2
8732,만족,2
8732,짐,-1
8732,병,-2
8732,친절,2
8732,포기,-1
8732,개선,2
8732,융통성,1
8732,짜증,-2
8732,감탄,2
8732,기대,1
8732,실망,-2
8732,흥미,1
8732,재미,2
8732,편안,2
8732,개성,1
8732,명성,2
8732,중상,-2
8732,안목,1
8732,친구,1
8732,강추,2
8732,즐거움,2
8732,정,1
8732,맛,2
8733,친절,2
8734,맛,2
8734,친절,2
8736,최고,2
8739,최고,2
8739,맑은,2
8742,최고,2
8743,최고,2
8743,걱정,-2
8743,운,1
8743,진실,1
8743,최저,1
8743,해,-2
8743,짐,-1
8743,곰팡이,-2
8743,최악,-2
8743,악의,-2
8743,최악,-2
8743,장점,2
8743,실망,-2
8743,못,0
8744,추위,-1
8744,장점,2
8744,친절,2
8744,예의,1
8744,곰팡이,-2
8744,기대,1
8745,해,-2
8745,할인,1
8745,만족,2
8745,친절,2
8745,부정적,-2
8745,후회,-2
8745,망상,-2
8745,불편,-2
8745,피로,-1
8745,어려움,-2
8745,안전,2
8745,우수,2
8745,최고,2
8745,필수,1
8745,불량,-2
8745,소음,-1
8745,거짓말,-2
8746,친절,2
8747,먼지,-1
8747,이벤트,1
8747,기대,1
8748,만족,2
8748,친절,2
8748,먼지,-1
8750,친절,2
8750,해,-2
8750,감동,2
8752,친절,2
8752,해,-2
8752,감동,2
8753,친절,2
8753,만족,2
8753,기대,1
8753,지치,-1
8753,친구,1
8755,불법,-2
8755,범죄,-2
8755,비현,-2
8755,최고,2
8755,겁,-1
8755,대가,1
8755,친구,1
8755,애정,1
8755,멋,2
8755,짐,-1
8755,만족,2
8755,여유,1
8755,도움,1
8757,친절,2
8757,친구,1
8757,최고,2
8757,부담,-2
8757,최고급,2
8757,해,-2
8757,강추,2
8757,만족,2
8757,감동,2
8757,보람,1
8758,친절,2
8758,감사,2
8758,불편,-2
8758,친구,1
8761,감동,2
8761,최고,2
8761,피,0
8761,기대,1
8763,모양,0
8763,최고,2
8763,분노,-2
8763,병,-2
8763,ㅠ,-1
8763,ㅜ,-1
8763,정,1
8763,멋,2
8764,병,-2
8774,친절,2
8774,기대,1
8774,강추,2
8774,해,-2
8774,성공,2
8774,후회,-2
8774,친구,1
8774,맛,2
8774,최고,2
8774,ㅠ,-1
8774,ㅜ,-1
8774,인정,1
8774,만족,2
8774,수선,-1
8774,멋,2
8774,행복,2
8774,운,1
8774,덕,2
8774,감사,2
8774,사치,-1
8774,대접,1
8774,보람,1
8774,걱정,-2
8774,진실,1
8774,감동,2
8774,실망,-2
8774,부담,-2
8774,용기,1
8776,친절,2
8776,기대,1
8776,실망,-2
8776,최고,2
8776,우수,2
8776,행복,2
8776,진실,1
8779,친절,2
8779,최고,2
8779,만족,2
8779,제한,-2
8779,후회,-2
8781,최고,2
8781,강추,2
8781,비만,-2
8782,ㅠ,-1
8782,친절,2
8782,재미,2
8782,정,1
8782,최고,2
8783,최고,2
8783,맛,2
8784,친절,2
8784,감사,2
8784,최고,2
8786,최고,2
8786,친절,2
8786,우수,2
8788,천사,1
8788,정상,1
8791,친절,2
8791,기대,1
8791,최고,2
8791,실망,-2
8791,편안,2
8791,ㅠ,-1
8791,해,-2
8791,미소,2
8791,재미,2
8791,강추,2
8791,친구,1
8797,최고,2
8797,불량,-2
8797,짜증,-2
8797,최악,-2
8798,정상,1
8799,최고,2
8799,야속,-2
8799,후회,-2
8801,친절,2
8801,최고,2
8801,강추,2
8801,칭찬,2
8803,벗,1
8804,ㅠ,-1
8804,빛,1
8804,최고,2
8804,강추,2
8805,최고,2
8805,운,1
8805,사랑,2
8810,최고,2
8810,최악,-2
8810,부족,-1
8810,망상,-2
8811,ㅠ,-1
8811,환상,-2
8811,맛,2
8811,최고,2
8812,최고,2
8813,맛,2
8813,해,-2
8813,기침,-1
8813,걱정,-2
8813,불편,-2
8813,친절,2
8813,최고,2
8813,사랑,2
8813,욕,-2
8813,미안,-1
8813,죄,-2
8813,실망,-2
8813,유명,1
8813,강추,2
8813,개,2
8813,이득,2
8813,겁,-1
8813,진리,1
8813,짐,-1
8814,피,0
8816,최고,2
8817,최악,-2
8817,최고,2
8817,중독,-1
8817,친절,2
8817,예의,1
8817,기대,1
8817,핀잔,-2
8817,맛,2
8817,죄,-2
8817,명성,2
8817,짜증,-2
8817,합리적,1
8817,해,-2
8817,자괴감,-2
8817,욕,-2
8817,신뢰,1
8817,ㅜ,-1
8817,ㅠ,-1
8817,실망,-2
8817,친구,1
8817,환상,-2
8817,불만,-2
8817,도둑,-1
8817,창,-1
8817,살인,-1
8817,후회,-2
8817,정,1
8817,싸움,-1
8817,강추,2
8817,행복,2
8817,낭패,-2
8817,마이너스,-2
8824,최고,2
8825,최고,2
8826,환상,-2
8827,최상,1
8827,욕,-2
8827,친절,2
8827,감사,2
8828,최고,2
8829,맛,2
8829,최고,2
8829,기대,1
8829,사랑,2
8833,멋,2
8833,짐,-1
8835,부담,-2
8835,악의,-2
8835,함정,-1
8835,감탄,2
8835,최고,2
8837,할인,1
8837,해,-2
8837,최고,2
8843,최고,2
8843,ㅠ,-1
8843,감사,2
8845,최악,-2
8845,ㅠ,-1
8845,최고,2
8845,노,-2
8845,불편,-2
8845,해,-2
8846,욕,-2
8846,최고,2
8850,포기,-1
8850,후회,-2
8854,최고,2
8855,친구,1
8856,휴식,1
8860,맛,2
8860,행복감,2
8860,행복,2
8860,정,1
8860,성,0
8860,강추,2
8863,최고,2
8863,인정,1
8863,맛,2
8863,도리,1
8863,환상,-2
8871,맛,2
8871,기대,1
8871,최고,2
8871,실망,-2
8871,필수,1
8871,억지,-1
8871,강추,2
8871,함정,-1
8871,부족,-1
8872,부담,-2
8872,만족,2
8872,최고,2
8872,최악,-2
8872,못,0
8873,맛,2
8875,최고,2
8875,전문가,1
8876,최고,2
8876,친절,2
8876,재미,2
8883,최고,2
8886,후회,-2
8889,최고,2
8889,정상,1
8890,최고,2
8890,구역질,-2
8890,만족,2
8890,ㅠ,-1
8890,친절,2
8890,ㅜ,-1
8890,맑은,2
8890,정상,1
8890,기대,1
8890,아쉬움,-1
8890,강추,2
8890,필수,1
8890,편안,2
8890,먼지,-1
8890,감동,2
8890,발전,1
8890,인정,1
8892,친절,2
8897,재미,2
8897,강추,2
8903,최고,2
8904,빛,1
8904,최고,2
8904,환상,-2
8904,기대,1
8904,미인,2
8910,최고,2
8913,ㅜ,-1
8913,덕,2
8913,성,0
8913,최고,2
8913,해,-2
8913,사랑,2
8914,최고,2
8916,모양,0
8916,최고,2
8918,맛,2
8918,모양,0
8918,최고,2
8921,정상,1
8924,최고,2
8924,강추,2
8924,사랑,2
8925,적극,1
8925,최고,2
8925,재미,2
8925,낭비,-1
8925,최악,-2
8925,악마,-2
8927,친구,1
8929,친절,2
8931,친구,1
8931,최상,1
8933,감사,2
8933,해,-2
8940,최고,2
8941,최고,2
8942,최고,2
8944,가치,1
8944,불화,-2
8944,지혜,2
8944,최고,2
8944,덕,2
8944,가르침,1
8944,감사,2
8944,멋,2
8944,죄,-2
8946,가치,1
8946,불화,-2
8946,지혜,2
8946,최고,2
8946,덕,2
8946,가르침,1
8946,감사,2
8946,멋,2
8946,죄,-2
8947,해,-2
8953,손해,-2
8953,사랑,2
8953,최고,2
8955,안전,2
8955,불안,-2
8955,지옥,-2
8955,실수,-1
8955,맛,2
8959,강추,2
8959,친절,2
8959,최고,2
8968,최고,2
8971,최고,2
8972,최악,-2
8972,화,-2
8972,ㅄ,-1
8972,정,1
8972,실망,-2
8972,부족,-1
8972,기대,1
8972,친절,2
8972,최고,2
8972,휴식,1
8972,부담,-2
8972,걱정,-2
8972,맛,2
8972,아름다움,2
8972,ㅗ,-1
8972,조화,2
8972,강추,2
8975,운,1
8975,따름,1
8975,필수,1
8975,최고,2
8976,최고,2
8976,친절,2
8976,맛,2
8977,최고,2
8984,친절,2
8985,만족,2
8985,강추,2
8985,최고,2
8985,친절,2
8985,고급,2
8985,최악,-2
8986,부족,-1
8987,친절,2
8989,최고,2
8990,ㅠ,-1
8990,불만,-2
8990,정상,1
8990,필수,1
8990,가치,1
8990,개선,2
8990,최고,2
8990,따름,1
8990,화,-2
8990,황홀,2
8990,사랑,2
8990,감사,2
8991,최고,2
8992,최고,2
8993,최고,2
8993,만족,2
8993,결함,-1
8993,적극,1
8993,친절,2
8993,감동,2
8993,부족,-1
8993,편안,2
8993,추위,-1
8993,휴식,1
8994,장점,2
8994,최고,2
8994,성,0
8997,최고,2
8997,정상,1
8997,해,-2
8997,악의,-2
8998,강추,2
8998,편안,2
8998,맑은,2
9001,불편,-2
9001,편안,2
9001,덕,2
9001,맛,2
9009,친절,2
9010,부족,-1
9010,곰팡이,-2
9010,먼지,-1
9011,친절,2
9011,우울,-2
9012,최고,2
9012,해,-2
9012,지경,-1
9012,기대,1
9012,실망,-2
9013,부족,-1
9013,최고,2
9013,짐,-1
9013,친절,2
9013,불만,-2
9014,최악,-2
9014,감기,-1
9020,친절,2
9020,편견,-2
9020,기대,1
9020,고급,2
9020,정,1
9026,불행,-1
9026,편안,2
9027,친절,2
9027,피해,-1
9028,최고,2
9029,개선,2
9029,기대,1
9029,소음,-1
9029,장점,2
9029,낭만,1
9029,걱정,-2
9029,만족,2
9029,사랑,2
9029,후회,-2
9029,잘못,-2
9029,성,0
9029,최고,2
9029,ㅗ,-1
9029,곰팡이,-2
9029,ㅜ,-1
9029,최상,1
9029,최악,-2
9029,포기,-1
9029,마이너스,-2
9029,실망,-2
9029,고급,2
9029,대가,1
9029,노,-2
9029,친절,2
9029,불편,-2
9029,할인,1
9029,먼지,-1
9029,부족,-1
9029,낭비,-1
9029,ㅠ,-1
9034,최고,2
9034,편안,2
9035,최고,2
9036,인기,1
9036,맛,2
9036,겁,-1
9036,부족,-1
9036,중독,-1
9036,최고,2
9036,짐,-1
9036,여유,1
9036,친절,2
9036,설사,-1
9036,불만족,-2
9036,기대,1
9036,존중,1
9036,정,1
9036,후회,-2
9036,못,0
9036,덕,2
9036,할인,1
9038,만족,2
9038,최고,2
9038,최악,-2
9038,정,1
9038,오,-1
9038,곰팡이,-2
9038,소음,-1
9038,짐,-1
9038,포기,-1
9038,최악,-2
9038,먼지,-1
9038,해,-2
9038,ㅠ,-1
9038,강추,2
9039,만족,2
9039,최고,2
9039,최악,-2
9039,정,1
9039,오,-1
9039,곰팡이,-2
9039,소음,-1
9039,짐,-1
9039,포기,-1
9039,최악,-2
9039,먼지,-1
9039,해,-2
9039,ㅠ,-1
9039,강추,2
9041,최고,2
9041,빛,1
9041,오류,-2
9044,불편,-2
9045,최고,2
9047,친절,2
9047,최고,2
9047,짐,-1
9047,기대,1
9047,행복,2
9047,호감,2
9049,ㅠ,-1
9049,최고,2
9049,못,0
9049,해,-2
9050,최고,2
9052,최고,2
9055,친구,1
9058,최고,2
9061,최고,2
9062,최고,2
9066,ㅠ,-1
9066,최고,2
9066,친절,2
9066,맑은,2
9066,해,-2
9068,최고,2
9068,감동,2
9071,운,1
9077,최고,2
9079,ㅠ,-1
9079,더러운,-2
9079,불편,-2
9079,부족,-1
9079,모양,0
9079,강추,2
9079,피로,-1
9079,재미,2
9081,친절,2
9081,최악,-2
9081,해,-2
9081,기대,1
9081,ㅠ,-1
9081,최고,2
9081,후회,-2
9084,최고,2
9084,행복,2
9084,인기,1
9084,우울,-2
9092,강추,2
9092,기대,1
9092,만족,2
9092,조화,2
9092,감사,2
9092,해,-2
9092,친구,1
9092,친절,2
9093,최고,2
9093,친구,1
9093,부족,-1
9093,진리,1
9093,필수,1
9093,친절,2
9093,인정,1
9093,겁,-1
9093,기대,1
9093,덕,2
9093,화,-2
9093,ㅠ,-1
9096,친절,2
9102,친절,2
9102,감사,2
9102,친구,1
9102,인정,1
9102,만족,2
9105,친절,2
9106,최고,2
9106,기대,1
9107,친절,2
9107,맛,2
9107,만족,2
9107,최고,2
9107,걱정,-2
9107,감동,2
9107,칭찬,2
9107,부족,-1
9107,여유,1
9107,ㅠ,-1
9107,편안,2
9107,해,-2
9107,대접,1
9107,유명,1
9107,기대,1
9108,최고,2
9108,불행,-1
9108,여유,1
9108,운,1
9108,흐린,-2
9108,피로,-1
9108,병,-2
9109,최고,2
9109,해,-2
9109,안전,2
9109,운,1
9109,정,1
9109,필수,1
9109,스트레스,-2
9109,멋,2
9109,짐,-1
9111,아름다움,2
9111,최악,-2
9111,장애인,-2
9111,황홀,2
9111,황홀,2
9111,정,1
9113,최고,2
9119,인정,1
9120,최고,2
9128,기대,1
9128,최악,-2
9131,부담,-2
9131,최고,2
9132,최고,2
9133,짐,-1
9138,최고,2
9138,편안,2
9143,공포증,-2
9143,친구,1
9143,최고,2
9143,불편,-2
9143,해,-2
9143,가치,1
9145,친절,2
9148,최고,2
9148,만족,2
9148,친절,2
9148,맛,2
9148,해,-2
9148,못,0
9149,친절,2
9149,감동,2
9149,강추,2
9149,기대,1
9149,친구,1
9149,감사,2
9151,비추,-2
9151,친절,2
9151,적극,1
9151,편안,2
9151,최고,2
9156,최고,2
9156,성,0
9156,안락,1
9156,피로,-1
9156,친절,2
9160,최고,2
9162,감사,2
9163,실망,-2
9165,친절,2
9165,맛,2
9165,모순,-1
9165,강추,2
9165,해,-2
9165,최고,2
9165,사랑,2
9166,감사,2
9166,따름,1
9166,최고,2
9166,최악,-2
9168,기대,1
9168,만족,2
9168,최고,2
9168,휴식,1
9168,욕,-2
9168,편안,2
9168,실망,-2
9169,만족,2
9170,친절,2
9170,맛,2
9170,최고,2
9170,행복,2
9172,친절,2
9178,친절,2
9178,만족,2
9178,실망,-2
9178,ㅇ,1
9178,창,-1
9178,짜증,-2
9178,명성,2
9178,겁,-1
9178,최고,2
9178,기대,1
9178,강추,2
9178,최악,-2
9178,맛,2
9178,인정,1
9178,해,-2
9178,피,0
9178,죽이,-2
9178,사랑,2
9178,유명,1
9179,최고,2
9185,감사,2
9185,피,0
9185,친절,2
9185,편안,2
9185,친구,1
9185,감동,2
9185,최고,2
9185,기대,1
9185,과음,-2
9189,후회,-2
9189,친절,2
9189,최고,2
9189,강추,2
9189,정,1
9190,우울,-2
9192,장애인,-2
9192,할인,1
9192,혜택,1
9192,불편,-2
9192,최고,2
9192,친구,1
9194,정,1
9196,만족,2
9196,최고,2
9196,명성,2
9207,최악,-2
9207,저급,-1
9207,못,0
9207,걱정,-2
9207,최고,2
9207,친절,2
9207,곰팡이,-2
9207,화,-2
9207,정,1
9207,이벤트,1
9207,장점,2
9207,ㅠ,-1
9207,할인,1
9207,성,0
9207,겁,-1
9207,친구,1
9207,해,-2
9207,개선,2
9207,감동,2
9207,파괴,-2
9207,대가,1
9207,악마,-2
9210,최악,-2
9210,최고,2
9210,강추,2
9210,부족,-1
9210,마이너스,-2
9210,중상,-2
9210,기대,1
9210,실망,-2
9210,맛,2
9210,필수,1
9210,친절,2
9210,소음,-1
9210,더러움,-2
9210,인기,1
9210,불편,-2
9210,행복,2
9210,해,-2
9210,편리,2
9210,인정,1
9210,편안,2
9210,멋,2
9210,짐,-1
9210,추위,-1
9211,친절,2
9211,최고,2
9211,ㅠ,-1
9211,운,1
9211,최악,-2
9211,포기,-1
9211,곰팡이,-2
9211,아픔,-2
9211,소음,-1
9211,불만,-2
9211,만족,2
9211,맛,2
9211,감동,2
9211,감기,-1
9211,명성,2
9211,아쉬움,-1
9211,부족,-1
9211,기대,1
9211,피,0
9212,명성,2
9212,최악,-2
9212,친절,2
9212,최고,2
9212,편안,2
9212,멋,2
9212,강추,2
9212,해,-2
9212,정상,1
9212,감사,2
9212,덕,2
9212,성,0
9212,아쉬움,-1
9212,기대,1
9212,가치,1
9216,최고,2
9217,최고,2
9217,감사,2
9217,해,-2
9217,친절,2
9217,인정,1
9217,불편,-2
9219,맛,2
9219,정,1
9221,최고,2
9221,피,0
9221,황홀,2
9225,최고,2
9226,강추,2
9226,친절,2
9226,편안,2
9226,휴식,1
9226,감동,2
9226,안락,1
9226,사랑,2
9226,이벤트,1
9226,피로,-1
9226,ㅠ,-1
9227,최고,2
9227,필수,1
9227,교훈,1
9227,사랑,2
9227,완성,1
9227,낭비,-1
9227,감탄,2
9228,친절,2
9228,최고,2
9228,탈,-1
9228,해,-2
9228,기대,1
9229,여유,1
9229,휴식,1
9232,최상,1
9232,연애,1
9233,친구,1
9234,최악,-2
9234,불편,-2
9235,장점,2
9235,부족,-1
9235,친절,2
9235,불편,-2
9236,기대,1
9236,최고,2
9236,진실,1
9236,실망,-2
9236,안전,2
9236,먼지,-1
9236,최악,-2
9236,충격,-1
9236,공포,-2
9236,여유,1
9236,더러움,-2
9236,친절,2
9237,정상,1
9237,최고,2
9237,덕,2
9237,강추,2
9240,최고,2
9240,안목,1
9240,맛,2
9240,안전,2
9240,개선,2
9240,더러움,-2
9240,사랑,2
9240,여유,1
9240,휴식,1
9240,부족,-1
9241,정상,1
9241,최악,-2
9241,최고,2
9241,불편,-2
9241,해,-2
9241,덕,2
9241,감동,2
9241,아쉬움,-1
9243,낭비,-1
9244,친절,2
9244,불법,-2
9244,강추,2
9245,기대,1
9245,맛,2
9245,안심,1
9246,행복,2
9246,만족,2
9246,친절,2
9246,강추,2
9246,친구,1
9246,못,0
9246,최고,2
9246,여유,1
9246,덕,2
9246,겁,-1
9246,걱정,-2
9246,ㅠ,-1
9246,아쉬움,-1
9246,맑은,2
9246,스트레스,-2
9246,의심,-1
9246,상처,-2
9246,피해,-1
9246,기대,1
9246,재미,2
9246,완성,1
9246,사랑,2
9246,후회,-2
9246,필수,1
9246,득,2
9246,귀엽,2
9246,귀요,2
9246,해,-2
9246,이벤트,1
9246,편안,2
9246,장점,2
9246,짐,-1
9246,인정,1
9246,멋,2
9246,운,1
9246,먼지,-1
9247,친절,2
9247,못,0
9247,짜증,-2
9247,개선,2
9247,최고,2
9247,친구,1
9247,최악,-2
9247,소음,-1
9248,재미,2
9248,친절,2
9249,최고,2
9249,편리,2
9249,친절,2
9250,친절,2
9250,만족,2
9250,소음,-1
9250,최고,2
9251,감사,2
9251,해,-2
9251,못,0
9251,만족,2
9255,맛,2
9255,기대,1
9255,친절,2
9255,최고,2
9257,최고,2
9258,불편,-2
9266,감사,2
9274,소홀,-2
9276,친절,2
9281,최고,2
9283,강추,2
9283,발전,1
9283,최고,2
9288,최고,2
9288,욕,-2
9288,무서움,-2
9295,최고,2
9295,친절,2
9297,최고,2
9297,오염,-1
9297,걱정,-2
9300,환상,-2
9300,거짓말,-2
9300,화가,-2
9301,맛,2
9301,히스테리,-1
9301,기대,1
9301,친절,2
9301,최고,2
9301,먼지,-1
9301,최악,-2
9301,피,0
9301,부족,-1
9301,소름,-2
9301,예의,1
9301,신경질,-1
9301,미안,-1
9301,만족,2
9301,실망,-2
9301,정,1
9301,우울증,-2
9301,강추,2
9301,빚,-2
9301,특이,1
9301,즐거움,2
9301,행복,2
9301,불편,-2
9301,친구,1
9303,만족,2
9303,친절,2
9303,최고,2
9303,강추,2
9303,ㅠ,-1
9307,개선,2
9307,짐,-1
9313,최고,2
9313,감사,2
9313,아픔,-2
9316,불편,-2
9316,최고,2
9316,여유,1
9317,불편,-2
9317,최고,2
9317,여유,1
9319,감사,2
9320,친절,2
9320,만족,2
9324,강추,2
9324,기대,1
9324,친절,2
9324,찬양,2
9324,눈물,-1
9324,최고,2
9326,부담,-2
9326,친절,2
9326,꿀,1
9331,맛,2
9331,친절,2
9331,불편,-2
9331,해,-2
9331,최고,2
9331,기대,1
9331,친구,1
9331,거부감,-2
9331,세일,1
9332,최고,2
9332,ㅠ,-1
9332,최악,-2
9332,거짓말,-2
9333,성공적,2
9333,친절,2
9333,찌꺼기,-1
9333,맛,2
9333,최고,2
9333,인정,1
9333,바보,-2
9334,친절,2
9334,친구,1
9334,맛,2
9334,최고,2
9334,도리,1
9334,운,1
9336,낭만,1
9336,감사,2
9336,안락,1
9336,최고급,2
9336,편안,2
9336,행복,2
9336,친절,2
9337,최악,-2
9337,먼지,-1
9337,최고,2
9337,친절,2
9337,할인,1
9338,친절,2
9340,해,-2
9340,맛,2
9340,조화,2
9340,최고,2
9340,실망,-2
9340,기대,1
9340,최악,-2
9340,ㅠ,-1
9340,화가,-2
9340,장점,2
9340,화,-2
9340,짐,-1
9340,병이,-2
9340,칭찬,2
9340,못,0
9340,성,0
9340,인정,1
9340,만족,2
9340,편안,2
9340,신뢰,1
9340,진리,1
9340,ㅜ,-1
9340,마이너스,-2
9340,부족,-1
9341,최고,2
9341,조화,2
9341,시원,1
9341,정,1
9341,해,-2
9342,최고,2
9344,최고,2
9344,부족,-1
9344,여유,1
9344,빛,1
9346,최고,2
9346,장점,2
9346,친절,2
9346,만족,2
9348,중상,-2
9348,망상,-2
9348,맛,2
9348,친절,2
9348,친구,1
9348,대접,1
9352,겁,-1
9352,최고,2
9352,맛,2
9352,친절,2
9353,감사,2
9365,감동,2
9365,감사,2
9366,덕,2
9369,열정,1
9369,아쉬움,-1
9373,전문가,1
9373,맑은,2
9376,최고,2
9379,짜증,-2
9379,친절,2
9379,감사,2
9379,ㅠ,-1
9379,안전,2
9380,짜증,-2
9380,친절,2
9380,감사,2
9380,ㅠ,-1
9380,안전,2
9383,맛,2
9383,보배,1
9383,최고,2
9383,강추,2
9383,유명,1
9384,죄,-2
9384,비추,-2
9384,최악,-2
9384,맛,2
9384,최고,2
9384,이상,-1
9384,신경질,-1
9384,분노,-2
9384,기대,1
9384,명성,2
9384,해,-2
9384,친절,2
9384,만족,2
9384,행복,2
9384,후회,-2
9384,보람,1
9384,최악,-2
9384,곰팡이,-2
9384,찌꺼기,-1
9384,친구,1
9384,아쉬움,-1
9384,못,0
9389,감탄,2
9389,최고,2
9389,덕,2
9389,행복,2
9389,ㅠ,-1
9390,최고,2
9390,휴식,1
9391,친절,2
9391,인정,1
9391,지경,-1
9391,맛,2
9391,최고,2
9391,인기,1
9391,감사,2
9392,해,-2
9392,최고,2
9392,ㅜ,-1
9392,황홀감,2
9392,행복,2
9393,친절,2
9393,완성,1
9393,최고,2
9393,만족,2
9394,최고,2
9394,친절,2
9395,최고,2
9395,친절,2
9397,욕,-2
9397,최악,-2
9397,엉터리,-2
9397,기대,1
9397,재미,2
9397,맛,2
9397,분통,-2
9399,친절,2
9404,최고,2
9405,여유,1
9405,멋,2
9406,여유,1
9406,멋,2
9411,맛,2
9411,먼지,-1
9411,피,0
9411,후회,-2
9411,만족,2
9411,최악,-2
9411,최고,2
9411,할인,1
9415,최고,2
9415,욕,-2
9415,피로,-1
9415,스트레스,-2
9416,최고,2
9417,부족,-1
9417,피로,-1
9417,질환,-2
9417,최고,2
9418,편안,2
9418,감사,2
9418,운,1
9418,죄,-2
9418,그리움,1
9418,사랑,2
9419,최악,-2
9419,친절,2
9419,최고,2
9419,허물,-1
9419,욕,-2
9419,못,0
9421,소음,-1
9421,아픔,-2
9421,최악,-2
9421,개선,2
9421,해,-2
9421,곰팡이,-2
9421,ㅠ,-1
9421,친절,2
9421,기대,1
9421,욕설,-2
9421,바보,-2
9421,기침,-1
9421,더러움,-2
9421,추운,-1
9421,친구,1
9421,걱정,-2
9421,만족,2
9421,불편,-2
9421,오염,-1
9421,겁,-1
9421,최고,2
9421,부족,-1
9421,감동,2
9421,편리,2
9421,짜증,-2
9422,소음,-1
9422,아픔,-2
9422,최악,-2
9422,개선,2
9422,해,-2
9422,곰팡이,-2
9422,ㅠ,-1
9422,친절,2
9422,기대,1
9422,욕설,-2
9422,바보,-2
9422,기침,-1
9422,더러움,-2
9422,추운,-1
9422,친구,1
9422,걱정,-2
9422,만족,2
9422,불편,-2
9422,오염,-1
9422,겁,-1
9422,최고,2
9422,부족,-1
9422,감동,2
9422,편리,2
9422,짜증,-2
9424,최고,2
9425,친구,1
9425,의심,-1
9425,최고,2
9425,필수,1
9425,맛,2
9427,최고,2
9427,친구,1
9427,필수,1
9427,감동,2
9427,먼지,-1
9427,평온,2
9427,모양,0
9427,빛,1
9427,추운,-1
9427,정,1
9437,최고,2
9438,부족,-1
9440,최고,2
9440,친절,2
9440,해,-2
9440,맛,2
9440,친구,1
9443,최고,2
9444,최고급,2
9444,친절,2
9453,최고,2
9456,행복,2
9457,시비,-2
9458,강추,2
9461,도리,1
9464,불편,-2
9464,최고,2
9465,불편,-2
9465,최고,2
9468,필수,1
9468,기대,1
9468,감동,2
9468,진리,1
9468,최고,2
9468,맛,2
9468,실망,-2
9468,정,1
9468,만족,2
9468,덕,2
9468,친절,2
9468,악성,-2
9468,유명,1
9468,윤기,1
9468,후회,-2
9470,친구,1
9471,평온,2
9471,멋,2
9471,짐,-1
9473,도리,1
9476,운,1
9485,최고,2
9485,못,0
9485,최악,-2
9485,걱정,-2
9485,짐,-1
9485,성공,2
9485,해,-2
9485,기대,1
9485,정상,1
9485,진리,1
9485,최상급,2
9485,멋,2
9486,친절,2
9486,ㅠ,-1
9487,최고,2
9487,운,1
9487,만족,2
9490,후회,-2
9490,흡족,2
9491,강추,2
9491,불편,-2
9491,불만,-2
9491,최악,-2
9491,최고,2
9495,ㅠ,-1
9495,예의,1
9496,정,1
9498,최고,2
9499,오해,-1
9499,친절,2
9501,발전,1
9501,최고,2
9501,ㅠ,-1
9501,정,1
9501,못,0
9502,최고,2
9502,맛,2
9508,화,-2
9508,기대,1
9508,정상,1
9508,친구,1
9508,불편,-2
9508,최고,2
9508,안전,2
9508,ㅠ,-1
9508,사랑,2
9508,아름다움,2
9508,감동,2
9508,행복,2
9508,필수,1
9508,가치,1
9508,감사,2
9509,충격,-1
9509,ㅜ,-1
9509,최고,2
9509,강추,2
9509,지경,-1
9509,의심,-1
9509,고백,2
9509,맛,2
9509,최악,-2
9509,후회,-2
9509,감사,2
9509,만족,2
9509,인정,1
9509,부담,-2
9510,최고,2
9514,욕,-2
9514,최고,2
9514,적극,1
9514,강추,2
9514,지지,-1
9514,설사,-1
9514,맛,2
9515,최상,1
9515,최악,-2
9515,실망,-2
9515,ㅠ,-1
9515,후회,-2
9515,가난,-2
9515,겁,-1
9515,이득,2
9515,장점,2
9515,낭비,-1
9515,걱정,-2
9515,만족,2
9515,ㅇ,1
9515,최고,2
9515,맛,2
9515,휴식,1
9515,불편,-2
9515,정,1
9515,인기,1
9515,강추,2
9515,친구,1
9516,걱정,-2
9516,친절,2
9516,보람,1
9516,최고,2
9516,재앙,-2
9516,오해,-1
9516,잔소리,-1
9516,인정,1
9516,해,-2
9523,최고,2
9524,여유,1
9524,최고,2
9524,해,-2
9524,지경,-1
9524,멋,2
9528,최고,2
9528,멋,2
9528,공포증,-2
9528,필수,1
9528,오도,-2
9528,안전,2
9528,먼지,-1
9528,불편,-2
9529,화,-2
9529,친절,2
9529,화가,-2
9529,불편,-2
9534,최고,2
9535,최고,2
9536,최고,2
9537,강추,2
9537,최고,2
9537,친절,2
9539,할인,1
9539,욕,-2
9539,바보,-2
9539,여유,1
9539,행복,2
9548,만족,2
9548,부족,-1
9548,부족,-1
9552,친절,2
9552,대접,1
9553,최고,2
9556,기대,1
9556,친절,2
9556,최고,2
9557,최고,2
9561,최고,2
9561,친절,2
9563,최고,2
9566,최고,2
9566,불편,-2
9566,피,0
9566,최고,2
9566,먼지,-1
9566,강추,2
9568,최고,2
9571,만족,2
9571,마이너스,-2
9571,소음,-1
9571,울음소리,-2
9571,기대,1
9571,최악,-2
9571,최고,2
9571,행복,2
9571,친구,1
9571,최상급,2
9577,최고,2
9580,불안,-2
9580,ㅠ,-1
9580,최고,2
9580,맛,2
9580,친절,2
9582,최고,2
9589,친절,2
9593,기대,1
9593,행복,2
9593,최고,2
9593,친구,1
9593,만족,2
9593,맛,2
9593,아쉬움,-1
9594,ㅠ,-1
9594,친절,2
9594,인기,1
9597,친절,2
9597,성,0
9598,ㅜ,-1
9598,슬픔,-2
9598,최악,-2
9598,살인,-1
9598,후회,-2
9598,짐,-1
9598,부담,-2
9598,장점,2
9598,친구,1
9598,실망,-2
9598,친절,2
9600,최고,2
9602,덕,2
9602,최고,2
9607,최고,2
9607,가치,1
9609,최고,2
9611,최고,2
9615,친절,2
9615,합리적,1
9615,실망,-2
9615,ㅠ,-1
9615,안심,1
9615,휴식,1
9615,감사,2
9617,기대,1
9618,인정,1
9618,사랑,2
9618,ㄲ,-1
9618,영웅,2
9618,최고,2
9618,잘못,-2
9618,앞잡이,-1
9618,탈,-1
9618,업적,1
9618,부족,-1
9618,도움,1
9618,발전,1
9618,파괴,-2
9619,낭비,-1
9624,후회,-2
9629,맛,2
9629,멋,2
9629,기대,1
9632,최고,2
9633,최고,2
9633,최악,-2
9636,친절,2
9636,최고,2
9636,후회,-2
9636,고급,2
9636,만족,2
9640,최고,2
9644,최고,2
9646,감사,2
9647,최고,2
9648,최고,2
9648,재미,2
9648,기대,1
9652,탈,-1
9652,최악,-2
9652,기대,1
9654,감사,2
9654,최악,-2
9654,최고,2
9654,친절,2
9654,장점,2
9654,짜증,-2
9654,짐,-1
9654,창피,-2
9654,이상,-1
9654,피해,-1
9654,불편,-2
9654,먼지,-1
9654,원망,1
9656,친절,2
9656,최고,2
9656,최악,-2
9656,만족,2
9656,감사,2
9656,기대,1
9656,잘못,-2
9656,못,0
9656,실망,-2
9656,ㅠ,-1
9660,강추,2
9661,친절,2
9661,강추,2
9661,최악,-2
9661,감사,2
9661,최악,-2
9661,욕,-2
9661,맛,2
9661,만족,2
9661,화가,-2
9661,최고,2
9663,편리,2
9663,최고,2
9663,인정,1
9663,강추,2
9663,친절,2
9665,병,-2
9665,병,-1
9665,맛,2
9665,최고,2
9665,멋,2
9665,친절,2
9665,못,0
9667,친절,2
9667,운,1
9667,최고,2
9667,친구,1
9667,맛,2
9668,강추,2
9668,어려움,-2
9668,걱정,-2
9669,최고,2
9672,최고,2
9673,최고,2
9677,친구,1
9678,예의,1
9678,맛,2
9678,즐거움,2
9678,만족,2
9678,벌,-2
9678,낭비,-1
9678,친절,2
9678,기대,1
9678,감사,2
9678,최고,2
9678,못,0
9678,정,1
9678,행복,2
9678,강추,2
9678,여유,1
9678,가치,1
9678,신중,1
9680,최고,2
9680,맛,2
9680,필수,1
9690,최고,2
9695,훼손,-1
9695,편안,2
9697,최고,2
9697,기대,1
9697,발전,1
9697,빛,1
9697,맛,2
9697,맑은,2
9697,멋,2
9697,해,-2
9697,불편,-2
9697,부자,1
9699,병,-2
9699,덕,2
9699,욕,-2
9700,병,-2
9700,덕,2
9700,욕,-2
9701,맛,2
9701,아쉬움,-1
9701,오류,-2
9701,최악,-2
9701,친절,2
9701,명성,2
9701,최고,2
9701,부족,-1
9702,기대,1
9702,최고,2
9702,친절,2
9702,추운,-1
9702,맛,2
9706,최고,2
9706,거짓말,-2
9706,감사,2
9706,가치,1
9706,발전,1
9706,기대,1
9706,강추,2
9706,감동,2
9706,벗,1
9706,부족,-1
9706,필수,1
9706,ㅠ,-1
9706,최악,-2
9707,해,-2
9707,친절,2
9707,ㅗ,-1
9707,맛,2
9707,충격,-1
9707,ㅠ,-1
9707,최고,2
9707,대상,1
9713,공포증,-2
9713,친구,1
9713,최고,2
9713,불편,-2
9713,해,-2
9713,가치,1
9714,최고,2
9715,최고,2
9716,맛,2
9716,최고,2
9716,오류,-2
9717,최고,2
9717,친절,2
9717,해,-2
9717,도리,1
9717,맛,2
9721,정,1
9721,근심,-1
9721,최고,2
9721,환상,-2
9721,감탄,2
9721,필수,1
9721,행복,2
9721,감동,2
9721,해,-2
9721,ㅠ,-1
9721,친구,1
9721,사랑,2
9722,친절,2
9722,편안,2
9722,정,1
9722,최고,2
9723,최고,2
9724,최고,2
9724,정,1
9724,이익,2
9724,낭만,1
9724,낭만,1
9724,기대,1
9724,황홀,2
9724,ㅠ,-1
9725,정,1
9725,근심,-1
9725,최고,2
9725,환상,-2
9725,감탄,2
9725,필수,1
9725,행복,2
9725,감동,2
9725,해,-2
9725,ㅠ,-1
9725,친구,1
9725,사랑,2
9732,재미,2
9732,덕,2
9732,최고,2
9734,불편,-2
9742,우수,2
9744,최고,2
9744,정,1
9747,탈,-1
9747,걱정,-2
9747,기대,1
9747,실망,-2
9747,찬사,1
9748,친절,2
9748,감사,2
9748,강추,2
9748,악의,-2
9748,친절,2
9748,기대,1
9748,정,1
9748,최악,-2
9748,행복,2
9749,최고,2
9750,최고,2
9750,강추,2
9751,최악,-2
9751,불편,-2
9752,인정,1
9752,맛,2
9752,친절,2
9752,최고,2
9752,강추,2
9752,최악,-2
9754,최고,2
9754,부담,-2
9754,만족,2
9754,실망,-2
9754,할인,1
9754,부족,-1
9754,아픔,-2
9754,한계,-1
9754,기대,1
9754,행복,2
9754,정,1
9754,사랑,2
9754,감탄,2
9756,친절,2
9756,여유,1
9758,여유,1
9758,어려움,-2
9758,강추,2
9758,아쉬움,-1
9758,후회,-2
9758,멋,2
9758,짐,-1
9758,편안,2
9761,감사,2
9768,필수,1
9768,최고,2
9769,최악,-2
9771,최고,2
9771,재미,2
9771,행복,2
9771,대가,1
9772,빛,1
9772,성,0
9772,최고,2
9773,후회,-2
9773,친절,2
9773,포기,-1
9773,거짓,-2
9773,ㅠ,-1
9773,만족,2
9773,득,2
9773,최고,2
9773,운,1
9773,부족,-1
9773,여유,1
9773,맛,2
9773,최악,-2
9773,잘못,-2
9773,함정,-1
9773,고급,2
9773,해,-2
9773,사랑,2
9773,환상,-2
9773,강추,2
9776,친절,2
9776,최고,2
9776,감사,2
9776,오해,-1
9776,기대,1
9776,정,1
9776,최악,-2
9776,아쉬움,-1
9776,강추,2
9776,맛,2
9776,적극,1
9779,최고,2
9782,모욕,-2
9782,ㅜ,-1
9784,부자,1
9784,기대,1
9784,ㅜ,-1
9784,최고,2
9786,최고,2
9787,최고,2
9787,덕,2
9787,친절,2
9787,명성,2
9787,ㅜ,-1
9787,사랑,2
9787,ㅉ,-1
9787,맛,2
9787,최악,-2
9789,최고,2
9789,편안,2
9789,고급,2
9789,휴식,1
9789,친절,2
9789,감동,2
9789,강추,2
9789,친구,1
9791,최고,2
9795,친절,2
9795,감사,2
9796,편안,2
9796,친절,2
9796,감사,2
9797,여유,1
9797,걱정,-2
9797,오해,-1
9797,강추,2
9806,해,-2
9806,친절,2
9806,마이너스,-2
9806,맛,2
9806,ㅉ,-1
9806,실망,-2
9806,신뢰,1
9807,실망,-2
9807,못,0
9807,최고,2
9807,맛,2
9807,친절,2
9807,경상,-2
9807,명성,2
9807,의심,-1
9807,비추,-2
9807,대접,1
9807,덕,2
9807,감사,2
9807,기대,1
9807,해,-2
9807,적극,1
9807,호,-1
9807,진리,1
9807,후회,-2
9807,행복,2
9807,감탄,2
9807,인정,1
9809,최고,2
9809,병,-2
9810,행복,2
9810,아쉬움,-1
9810,최고,2
9810,강추,2
9810,필수,1
9810,운,1
9812,최고,2
9812,편안,2
9812,친절,2
9812,강추,2
9813,짜증,-2
9813,욕,-2
9814,친절,2
9814,친구,1
9814,감사,2
9814,최고,2
9814,믿음,1
9814,맛,2
9815,최고,2
9815,맛,2
9815,강추,2
9815,만족,2
9815,사랑,2
9817,흥미,1
9817,가치,1
9817,찬양,2
9817,최고,2
9817,친절,2
9817,겁,-1
9817,거짓말,-2
9817,해,-2
9817,강추,2
9821,최고,2
9822,친절,2
9822,정,1
9822,강추,2
9822,최고,2
9822,해,-2
9822,감기,-1
9824,ㅠ,-1
9824,걱정,-2
9824,겁,-1
9824,최고,2
9824,할인,1
9824,바보,-2
9824,최악,-2
9824,희망,1
9824,안전,2
9825,욕,-2
9825,피로,-1
9825,최악,-2
9825,성,0
9825,최고,2
9826,최고,2
9826,욕,-2
9829,최고,2
9829,해,-2
9829,최악,-2
9829,배탈,-2
9829,친절,2
9829,맛,2
9829,비방,-1
9830,만족,2
9830,필수,1
9830,강추,2
9830,최고,2
9832,최고,2
9832,강추,2
9833,최고,2
9834,최고,2
9835,강추,2
9835,친절,2
9835,과음,-2
9835,맛,2
9836,최고,2
9836,욕설,-2
9836,폭행,-1
9839,ㅠ,-1
9839,최악,-2
9839,실망,-2
9839,욕,-2
9839,최고,2
9841,친절,2
9845,최고,2
9845,자비,1
9845,맛,2
9845,아픔,-2
9849,화,-2
9849,최고,2
9852,최고,2
9857,최고,2
9858,강추,2
9858,최고,2
9858,진리,1
9858,예의,1
9858,기대,1
9858,실망,-2
9858,맛,2
9858,ㅠ,-1
9870,거짓말,-2
9872,고통,-2
9872,ㅜ,-1
9874,최고,2
9874,친절,2
9876,최고,2
9877,못,0
9877,최고,2
9877,강추,2
9878,최고,2
9880,최고,2
9881,최고,2
9883,불량,-2
9883,못,0
9884,의심,-1
9884,짜증,-2
9884,불만,-2
9884,용기,1
9884,최고,2
9885,빛,1
9885,멋,2
9885,짐,-1
9885,운,1
9891,최고,2
9891,여유,1
9891,기대,1
9891,아름다움,2
9891,필수,1
9894,최고,2
9894,감사,2
9896,최고,2
9896,추운,-1
9896,불편,-2
9896,아쉬움,-1
9896,친구,1
9896,강추,2
9901,기대,1
9902,맛,2
9902,짜증,-2
9903,친절,2
9903,못,0
9903,기대,1
9903,아쉬움,-1
9903,최고,2
9908,더러운,-2
9908,만족,2
9911,친절,2
9911,후회,-2
9911,실망,-2
9911,만족,2
9911,짐,-1
9912,기대,1
9912,최악,-2
9912,ㅜ,-1
9914,엉터리,-2
9916,최고,2
9916,환상,-2
9916,빛,1
9917,최고,2
9919,최악,-2
9919,오염,-1
9919,편안,2
9919,낭만,1
9927,맛,2
9927,최고,2
9927,짜증,-2
9927,안심,1
9927,못,0
9927,정,1
9927,실망,-2
9928,맛,2
9928,최고,2
9928,짜증,-2
9928,안심,1
9928,못,0
9928,정,1
9928,실망,-2
9935,여유,1
9937,친절,2
9939,친절,2
9939,적극,1
9939,못,0
9939,맛,2
9939,후회,-2
9939,기대,1
9939,정상,1
9941,후회,-2
9942,최고,2
9946,최고,2
9948,최고,2
9949,최고,2
9949,멋,2
9955,최고,2
9955,ㅠ,-1
9955,덕,2
9955,병,-2
9955,필수,1
9955,친절,2
9955,감사,2
9955,실망,-2
9955,맛,2
9955,친구,1
9955,모양,0
9955,보람,1
9955,ㅆ,1
9955,대접,1
9955,기대,1
9955,인기,1
9955,불량,-2
9955,인정,1
9955,부족,-1
9955,해,-2
9955,짐,-1
9955,진리,1
9955,멋,2
9955,최악,-2
9955,후회,-2
9955,아쉬움,-1
9955,겁,-1
9955,명성,2
9955,만족,2
9955,한계,-1
9955,정,1
9955,낭비,-1
9955,강추,2
9955,조화,2
9955,함정,-1
9955,불편,-2
9955,죽음,-1
9955,부담,-2
9955,걱정,-2
9955,거짓,-2
9955,편리,2
9955,질색,-2
9955,편안,2
9955,감동,2
9964,최고,2
9966,최악,-2
9972,최고,2
9972,정,1
9972,맛,2
9972,대접,1
9972,실망,-2
9972,친절,2
9972,최고급,2
9972,욕,-2
9972,겁,-1
9975,최고,2
9976,최악,-2
9976,후회,-2
9976,친절,2
9976,만족,2
9976,최고,2
9979,최고,2
9980,친절,2
9980,최고,2
9980,해,-2
9980,강추,2
9981,ㅠ,-1
9984,친절,2
9984,아쉬움,-1
9984,최고,2
9984,만족,2
9985,ㅠ,-1
9985,만족,2
9985,친절,2
9985,최고,2
9985,최악,-2
9985,편안,2
9985,최상,1
9985,기대,1
9986,최고,2
9986,재미,2
9986,친절,2
9986,정,1
9986,장점,2
9986,고급,2
9986,해,-2
9986,강추,2
9986,낭비,-1
9986,악의,-2
9986,환상,-2
9987,최고,2
9987,맛,2
9987,편안,2
9987,친절,2
9989,불편,-2
9989,편안,2
9989,감격,2
9991,최고,2
9992,편안,2
9992,미소,2
9992,친절,2
9992,실용적,1
9994,최고,2
9994,화,-2
9994,짐,-1
9995,최악,-2
9997,친절,2
9997,ㅠ,-1
9998,실망,-2
9998,조화,2
9998,친절,2
9998,ㅆ,1
9998,맛,2
9998,친구,1
9998,대접,1
9998,감탄,2
9998,최고,2
9998,감동,2
9998,여유,1
9998,천한,-1
9998,짐,-1
9998,위기,-1
9998,해,-2
9998,ㅠ,-1
9998,황홀,2
9998,고급,2
9998,최악,-2
9998,빛,1
9998,강추,2
9998,의심,-1
9999,인기,1
10002,최고,2
10003,최고,2
10003,만족,2
10003,ㅠ,-1
10004,발전,1
10004,정상,1
10007,최고,2
10007,발전,1
10009,실망,-2
10009,친절,2
10009,부족,-1
10009,최악,-2
10016,최고,2
10016,친절,2
10016,잘못,-2
